Workbook

Sheet Summary
A1: Approach Delay
E2: Before After Delay Calculations
A3: May 5th | F3: Average Approach Delay | G3: NBT Ph2 | H3: SBT Ph6
A4: Average Approach Delay | B4: 19.642552 | C4: Sec/Veh | E4: June 23rd and May 5th | F4: =B19-B4 -> 0.26869792 | G4: =B20-B5 -> -0.85729167 | H4: =B21-B6 -> 1.3946875
A5: NBT Ph2 | B5: 16.134583 | C5: Sec/Veh | E5: June 23rd and May 6th | F5: =B19-B9 -> -0.73234375 | G5: =B20-B5 -> -0.85729167 | H5: =B21-B11 -> 0.41072917
A6: SBT Ph6 | B6: 23.150521 | C6: Sec/Veh | E6: June 23rd and May 18th | F6: =B19-B14 -> 0.51177083 | G6: =B20-B15 -> -1.1726042 | H6: =B21-B16 -> 2.1961458
E7: July 14th vs May 5th | F7: =B24-B4 -> 0.0215625 | G7: =B25-B5 -> -1.4730208 | H7: =B26-B6 -> 1.5161458
A8: May 6th | E8: July 14th vs May 6th | F8: =B24-B9 -> -0.97947917 | G8: =B25-B10 -> -2.4911458 | H8: =B26-B11 -> 0.5321875
A9: Average Approach Delay | B9: 20.643594 | C9: Sec/Veh | E9: July 14th vs May 18th | F9: =B24-B14 -> 0.26463542 | G9: =B25-B15 -> -1.7883333 | H9: =B26-B16 -> 2.3176042
A10: NBT Ph2 | B10: 17.152708 | C10: Sec/Veh | E10: July 15th and May 5th | F10: =B29-B4 -> 0.55166667 | G10: =B30-B5 -> -0.36645833 | H10: =B31-B6 -> 1.4697917
A11: SBT Ph6 | B11: 24.134479 | C11: Sec/Veh | E11: July 15th and May 6th | F11: =B29-B9 -> -0.449375 | G11: =B30-B10 -> -1.3845833 | H11: =B31-B11 -> 0.48583333
E12: July 15th and May 18th | F12: =B29-B14 -> 0.79473958 | G12: =B30-B15 -> -0.68177083 | H12: =B31-B16 -> 2.27125
A13: May 18th | E13: Overall Average | F13: =AVERAGE(F4:F12) -> 0.027986111 | G13: =AVERAGE(G4:G12) -> -1.2302778 | H13: =AVERAGE(H4:H12) -> 1.399375
A14: Average Approach Delay | B14: 19.399479 | C14: Sec/Veh
A15: NBT Ph2 | B15: 16.449896 | C15: Sec/Veh | E15: No delay found after LPI implementation
A16: SBT Ph6 | B16: 22.349063 | C16: Sec/Veh
E17: Absolute Value Random Fluctuations Between Days
A18: June 23rd | F18: Average Approach Delay | G18: NBT Ph2 | H18: SBT Ph6
A19: Average Approach Delay | B19: 19.91125 | C19: Sec/Veh | E19: May 18th and May 5th | F19: =ABS(B14-B4) -> 0.24307292 | G19: =ABS(B15-B5) -> 0.3153125 | H19: =ABS(B16-B6) -> 0.80145833
A20: NBT Ph2 | B20: 15.277292 | C20: Sec/Veh | E20: May 18th and May 6th | F20: =ABS(B14-B9) -> 1.2441146 | G20: =ABS(B15-B10) -> 0.7028125 | H20: =ABS(B16-B11) -> 1.7854167
A21: SBT Ph6 | B21: 24.545208 | C21: Sec/Veh | E21: May 6th and May 5th | F21: =ABS(B9-B4) -> 1.0010417 | G21: =ABS(B10-B5) -> 1.018125 | H21: =ABS(B11-B6) -> 0.98395833
E22: July 15th and June 23 | F22: =ABS(B29-B19) -> 0.28296875 | G22: =ABS(B30-B20) -> 0.49083333 | H22: =ABS(B31-B21) -> 0.075104167
A23: July 14th | E23: July 15th and July 14th | F23: =ABS(B29-B24) -> 0.53010417 | G23: =ABS(B30-B25) -> 1.1065625 | H23: =ABS(B31-B26) -> 0.046354167
A24: Average Approach Delay | B24: 19.664115 | C24: Sec/Veh | E24: July 14th and June 23rd | F24: =ABS(B24-B19) -> 0.24713542 | G24: =ABS(B25-B20) -> 0.61572917 | H24: =ABS(B26-B21) -> 0.12145833
A25: NBT Ph2 | B25: 14.661562 | C25: Sec/Veh | E25: Overall Average | F25: =AVERAGE(F19:F24) -> 0.59140625 | G25: =AVERAGE(G19:G24) -> 0.70822917 | H25: =AVERAGE(H19:H24) -> 0.635625
A26: SBT Ph6 | B26: 24.666667 | C26: Sec/Veh
E27: Random fluctuation of 0.6 seconds
A28: July 15th
A29: Average Approach Delay | B29: 20.194219 | C29: Sec/Veh | E29: LPI does not appear to have any impact on delay
A30: NBT Ph2 | B30: 15.768125 | C30: Sec/Veh
A31: SBT Ph6 | B31: 24.620313 | C31: Sec/Veh
A33: Arrival on Red
E34: Before After Arrival on Red Calculations (%)
A35: May 5th | F35: Average % Arrivals on Red | G35: NBT Ph2 | H35: SBT Ph6
A36: % Arrivals on Red | B36: 51.802031 | C36: % | E36: June 23rd and May 5th | F36: =B51-B36 -> 0.39609375 | G36: =B52-B37 -> -0.1790625 | H36: =B53-B38 -> 0.97125
A37: NBT Ph2 | B37: 46.609375 | C37: % | E37: June 23rd and May 6th | F37: =B51-B41 -> -2.3088542 | G37: =B52-B37 -> -0.1790625 | H37: =B53-B43 -> -1.0155208
A38: SBT Ph6 | B38: 56.994687 | C38: % | E38: June 23rd and May 18th | F38: =B51-B46 -> 1.7361979 | G38: =B52-B47 -> 0.35447917 | H38: =B53-B48 -> 3.1179167
E39: July 14th vs May 5th | F39: =B56-B36 -> -0.084427083 | G39: =B57-B37 -> -1.588125 | H39: =B58-B38 -> 1.4192708
A40: May 6th | E40: July 14th vs May 6th | F40: =B56-B41 -> -2.789375 | G40: =B57-B42 -> -5.01125 | H40: =B58-B43 -> -0.5675
A41: % Arrivals on Red | B41: 54.506979 | C41: % | E41: July 14th vs May 18th | F41: =B56-B46 -> 1.2556771 | G41: =B57-B47 -> -1.0545833 | H41: =B58-B48 -> 3.5659375
A42: NBT Ph2 | B42: 50.0325 | C42: % | E42: July 15th and May 5th | F42: =B61-B36 -> 0.24432292 | G42: =B62-B37 -> -0.7328125 | H42: =B63-B38 -> 1.2214583
A43: SBT Ph6 | B43: 58.981458 | C43: % | E43: July 15th and May 6th | F43: =B61-B41 -> -2.460625 | G43: =B62-B42 -> -4.1559375 | H43: =B63-B43 -> -0.7653125
E44: July 15th and May 18th | F44: =B61-B46 -> 1.5844271 | G44: =B62-B47 -> -0.19927083 | H44: =B63-B48 -> 3.368125
A45: May 18th | E45: Overall Average | F45: =AVERAGE(F36:F44) -> -0.26961806 | G45: =AVERAGE(G36:G44) -> -1.4161806 | H45: =AVERAGE(H36:H44) -> 1.2572917
A46: % Arrivals on Red | B46: 50.461927 | C46: %
A47: NBT Ph2 | B47: 46.075833 | C47: %
A48: SBT Ph6 | B48: 54.848021 | C48: %
E49: Absolute Value Random Fluctuations Between Days (%)
A50: June 23rd | F50: Average % Arrivals on Red | G50: NBT Ph2 | H50: SBT Ph6
A51: % Arrivals on Red | B51: 52.198125 | C51: % | E51: May 18th and May 5th | F51: =ABS(B46-B36) -> 1.3401042 | G51: =ABS(B47-B37) -> 0.53354167 | H51: =ABS(B48-B38) -> 2.1466667
A52: NBT Ph2 | B52: 46.430312 | C52: % | E52: May 18th and May 6th | F52: =ABS(B46-B41) -> 4.0450521 | G52: =ABS(B47-B42) -> 3.9566667 | H52: =ABS(B48-B43) -> 4.1334375
A53: SBT Ph6 | B53: 57.965938 | C53: % | E53: May 6th and May 5th | F53: =ABS(B41-B36) -> 2.7049479 | G53: =ABS(B42-B37) -> 3.423125 | H53: =ABS(B43-B38) -> 1.9867708
E54: July 15th and June 23 | F54: =ABS(B61-B51) -> 0.15177083 | G54: =ABS(B62-B52) -> 0.55375 | H54: =ABS(B63-B53) -> 0.25020833
A55: July 14th | E55: July 15th and July 14th | F55: =ABS(B61-B56) -> 0.32875 | G55: =ABS(B62-B57) -> 0.8553125 | H55: =ABS(B63-B58) -> 0.1978125
A56: % Arrivals on Red | B56: 51.717604 | C56: % | E56: July 14th and June 23rd | F56: =ABS(B56-B51) -> 0.48052083 | G56: =ABS(B57-B52) -> 1.4090625 | H56: =ABS(B58-B53) -> 0.44802083
A57: NBT Ph2 | B57: 45.02125 | C57: % | E57: Overall Average | F57: =AVERAGE(F51:F56) -> 1.5085243 | G57: =AVERAGE(G51:G56) -> 1.7885764 | H57: =AVERAGE(H51:H56) -> 1.5271528
A58: SBT Ph6 | B58: 58.413958 | C58: %
E59: There appears to be no change in arrivals on red, the random fluctuation is 5 times larger than the decrease seen from the LPI
A60: July 15th
A61: % Arrivals on Red | B61: 52.046354 | C61: %
A62: NBT Ph2 | B62: 45.876563 | C62: %
A63: SBT Ph6 | B63: 58.216146 | C63: %
A65: Pedestrian Delay
E66: Before After Delay Calculations (Sec/Cycle)
A67: May 5th | F67: Average Pedestrian Delay | G67: NBT Ph2 | H67: EBT Ph4 | I67: SBT Ph6 | J67: WBT Ph8
A68: Intersection Avg Delay | B68: 47.185824 | C68: Sec/Cycle | E68: June 23rd and May 5th | F68: =B89-B68 -> -9.8649282 | G68: =B90-B69 -> -2.780303 | H68: =B91-B70 -> -9.9867424 | I68: =B92-B71 -> -7.2072115 | J68: =B93-B72 -> -19.196391
A69: NBT Ph2 | B69: 40.113636 | C69: Sec/Cycle | E69: June 23rd and May 6th | F69: =B89-B75 -> -4.5757488 | G69: =B90-B76 -> -4.2504505 | H69: =B91-B77 -> -1.5840772 | I69: =B92-B78 -> -12.931319 | J69: =B93-B79 -> -3.1423077
A70: EBT Ph4 | B70: 53.442424 | C70: Sec/Cycle | E70: June 23rd and May 18th | F70: =B89-B82 -> -0.28135167 | G70: =B90-B83 -> 8.5068627 | H70: =B91-B84 -> -9.4935935 | I70: =B92-B85 -> -1.7606838 | J70: =B93-B86 -> -1.4019894
A71: SBT Ph6 | B71: 38.61875 | C71: Sec/Cycle | E71: July 14th vs May 5th | F71: =B96-B68 -> -4.8668423 | G71: =B97-B69 -> 4.3067026 | H71: =B98-B70 -> -12.162424 | I71: =B99-B71 -> -0.33789894 | J71: =B100-B72 -> -8.372615
A72: WBT Ph8 | B72: 52.92716 | C72: Sec/Cycle | E72: July 14th vs May 6th | F72: =B96-B75 -> 0.42233719 | G72: =B97-B76 -> 2.8365552 | H72: =B98-B77 -> -3.759759 | I72: =B99-B78 -> -6.0620061 | J72: =B100-B79 -> 7.6814685
E73: July 14th vs May 18th | F73: =B96-B82 -> 4.7167343 | G73: =B97-B83 -> 15.593868 | H73: =B98-B84 -> -11.669275 | I73: =B99-B85 -> 5.1086288 | J73: =B100-B86 -> 9.4217868
A74: May 6th | E74: July 15th and May 5th | F74: =B103-B68 -> -3.3435001 | G74: =B104-B69 -> 2.4644458 | H74: =B105-B70 -> 1.9247633 | I74: =B106-B71 -> -4.3421875 | J74: =B107-B72 -> -9.9121605
A75: Intersection Avg Delay | B75: 41.896644 | C75: Sec/Cycle | E75: July 15th and May 6th | F75: =B103-B75 -> 1.9456794 | G75: =B104-B76 -> 0.99429841 | H75: =B105-B77 -> 10.327428 | I75: =B106-B78 -> -10.066295 | J75: =B107-B79 -> 6.1419231
A76: NBT Ph2 | B76: 41.583784 | C76: Sec/Cycle | E76: July 15th and May 18th | F76: =B103-B82 -> 6.2400765 | G76: =B104-B83 -> 13.751612 | H76: =B105-B84 -> 2.4179121 | I76: =B106-B85 -> 1.1043403 | J76: =B107-B86 -> 7.8822414
A77: EBT Ph4 | B77: 45.039759 | C77: Sec/Cycle | E77: Overall Average | F77: =AVERAGE(F68:F76) -> -1.0675049 | G77: =AVERAGE(G68:G76) -> 4.6026213 | H77: =AVERAGE(H68:H76) -> -3.7761964 | I77: =AVERAGE(I68:I76) -> -4.0549591 | J77: =AVERAGE(J68:J76) -> -1.2108938
A78: SBT Ph6 | B78: 44.342857 | C78: Sec/Cycle
A79: WBT Ph8 | B79: 36.873077 | C79: Sec/Cycle
A81: May 18th | E81: Absolute Value Random Fluctuations Between Days (Sec/Cycle)
A82: Intersection Avg Delay | B82: 37.602247 | C82: Sec/Cycle | F82: Average Pedestrian Delay | G82: NBT Ph2 | H82: EBT Ph4 | I82: SBT Ph6 | J82: WBT Ph8
A83: NBT Ph2 | B83: 28.826471 | C83: Sec/Cycle | E83: May 18th and May 5th | F83: =ABS(B82-B68) -> 9.5835766 | G83: =ABS(B83-B69) -> 11.287166 | H83: =ABS(B84-B70) -> 0.49314888 | I83: =ABS(B85-B71) -> 5.4465278 | J83: =ABS(B86-B72) -> 17.794402
A84: EBT Ph4 | B84: 52.949275 | C84: Sec/Cycle | E84: May 18th and May 6th | F84: =ABS(B82-B75) -> 4.2943971 | G84: =ABS(B83-B76) -> 12.757313 | H84: =ABS(B84-B77) -> 7.9095163 | I84: =ABS(B85-B78) -> 11.170635 | J84: =ABS(B86-B79) -> 1.7403183
A85: SBT Ph6 | B85: 33.172222 | C85: Sec/Cycle | E85: May 6th and May 5th | F85: =ABS(B75-B68) -> 5.2891795 | G85: =ABS(B76-B69) -> 1.4701474 | H85: =ABS(B77-B70) -> 8.4026652 | I85: =ABS(B78-B71) -> 5.7241071 | J85: =ABS(B79-B72) -> 16.054084
A86: WBT Ph8 | B86: 35.132759 | C86: Sec/Cycle | E86: July 15th and June 23 | F86: =ABS(B103-B89) -> 6.5214281 | G86: =ABS(B104-B90) -> 5.2447489 | H86: =ABS(B105-B91) -> 11.911506 | I86: =ABS(B106-B92) -> 2.865024 | J86: =ABS(B107-B93) -> 9.2842308
E87: July 15th and July 14th | F87: =ABS(B103-B96) -> 1.5233422 | G87: =ABS(B104-B97) -> 1.8422568 | H87: =ABS(B105-B98) -> 14.087187 | I87: =ABS(B106-B99) -> 4.0042886 | J87: =ABS(B107-B100) -> 1.5395455
A88: June 23rd | E88: July 14th and June 23rd | F88: =ABS(B96-B89) -> 4.998086 | G88: =ABS(B97-B90) -> 7.0870056 | H88: =ABS(B98-B91) -> 2.1756818 | I88: =ABS(B99-B92) -> 6.8693126 | J88: =ABS(B100-B93) -> 10.823776
A89: Intersection Avg Delay | B89: 37.320896 | C89: Sec/Cycle | E89: Overall Average | F89: =AVERAGE(F83:F88) -> 5.3683349 | G89: =AVERAGE(G83:G88) -> 6.6147729 | H89: =AVERAGE(H83:H88) -> 7.4966176 | I89: =AVERAGE(I83:I88) -> 6.0133158 | J89: =AVERAGE(J83:J88) -> 9.5393927
A90: NBT Ph2 | B90: 37.333333 | C90: Sec/Cycle
A91: EBT Ph4 | B91: 43.455682 | C91: Sec/Cycle | E91: There appears to changes in pedestrian delay as the decrease in delay is much smaller than the random flucturations between similar weeks
A92: SBT Ph6 | B92: 31.411538 | C92: Sec/Cycle
A93: WBT Ph8 | B93: 33.730769 | C93: Sec/Cycle
A95: July 14th
A96: Intersection Avg Delay | B96: 42.318981 | C96: Sec/Cycle
A97: NBT Ph2 | B97: 44.420339 | C97: Sec/Cycle
A98: EBT Ph4 | B98: 41.28 | C98: Sec/Cycle
A99: SBT Ph6 | B99: 38.280851 | C99: Sec/Cycle
A100: WBT Ph8 | B100: 44.554545 | C100: Sec/Cycle
A102: July 15th
A103: Intersection Avg Delay | B103: 43.842324 | C103: Sec/Cycle
A104: NBT Ph2 | B104: 42.578082 | C104: Sec/Cycle
A105: EBT Ph4 | B105: 55.367187 | C105: Sec/Cycle
...

Sheet Normalized Delay
A1: Approach Delay
A2: Normalization Factors
B3: Total Traffic Volumes | C3: NBT Ph2 | D3: SBT Ph6 | E3: Total Weight Factor | F3: NBT Ph2 Weight Factor | G3: SBT Weight Factor
A4: May 5th | B4: {=TRANSPOSE('Traffic Volumes'!B8:B10)} -> 76294 | C4: 32915 | D4: 43379 | E4: =B$10/B4 -> 0.84726628 | F4: =C$10/C4 -> 0.85633197 | G4: =D$10/D4 -> 0.84038744
A5: May 6th | B5: {=TRANSPOSE('Traffic Volumes'!H8:H10)} -> 83144 | C5: 35669 | D5: 47475 | E5: =B$10/B5 -> 0.77746239 | F5: =C$10/C5 -> 0.79021466 | G5: =D$10/D5 -> 0.76788134
A6: May 18th | B6: {=TRANSPOSE('Traffic Volumes'!N8:N10)} -> 86218 | C6: 36652 | D6: 49566 | E6: =B$10/B6 -> 0.7497429 | F6: =C$10/C6 -> 0.76902124 | G6: =D$10/D6 -> 0.73548736
A7: June 23rd | B7: {=TRANSPOSE('Traffic Volumes'!T8:T10)} -> 54952 | C7: 24357 | D7: 30595 | E7: =B$10/B7 -> 1.1763236 | F7: =C$10/C7 -> 1.1572101 | G7: =D$10/D7 -> 1.19154
A8: July 14th | B8: {=TRANSPOSE('Traffic Volumes'!Z8:Z10)} -> 43881 | C8: 19672 | D8: 24209 | E8: =B$10/B8 -> 1.4731053 | F8: =C$10/C8 -> 1.4328064 | G8: =D$10/D8 -> 1.5058518
A9: July 15th | B9: {=TRANSPOSE('Traffic Volumes'!AF8:AF10)} -> 43359 | C9: 19852 | D9: 23507 | E9: =B$10/B9 -> 1.49084 | F9: =C$10/C9 -> 1.419815 | G9: =D$10/D9 -> 1.5508217
A10: Average | B10: =AVERAGE(B4:B9) -> 64641.333 | C10: =AVERAGE(C4:C9) -> 28186.167 | D10: =AVERAGE(D4:D9) -> 36455.167 | E10: =B$10/B10 -> 1 | F10: =C$10/C10 -> 1 | G10: =D$10/D10 -> 1
F12: Before After Normalized Delay Calculations (Sec/Veh)
A13: May 5th | B13: Delay | D13: Normalized Delay | G13: Average Approach Delay | H13: NBT Ph2 | I13: SBT Ph6
A14: Average Approach Delay | B14: 19.642552 | C14: Sec/Veh | D14: =B14*E4 -> 16.642472 | E14: Sec/Veh | F14: June 23rd and May 5th | G14: =D29-D14 -> 6.7796009 | H14: =D30-D15 -> 3.8624769 | I14: =D31-D16 -> 9.7911909
A15: NBT Ph2 | B15: 16.134583 | C15: Sec/Veh | D15: =B15*F4 -> 13.816559 | E15: Sec/Veh | F15: June 23rd and May 6th | G15: =D29-D19 -> 7.372455 | H15: =D30-D15 -> 3.8624769 | I15: =D31-D21 -> 10.714182
A16: SBT Ph6 | B16: 23.150521 | C16: Sec/Veh | D16: =B16*G4 -> 19.455407 | E16: Sec/Veh | F16: June 23rd and May 18th | G16: =D29-D24 -> 8.8774511 | H16: =D30-D25 -> 5.028717 | I16: =D31-D26 -> 12.809145
F17: July 14th vs May 5th | G17: =D34-D14 -> 12.324839 | H17: =D35-D15 -> 7.1906205 | I17: =D36-D16 -> 17.688938
A18: May 6th | F18: July 14th vs May 6th | G18: =D34-D19 -> 12.917693 | H18: =D35-D20 -> 7.4528584 | I18: =D36-D21 -> 18.611929
A19: Average Approach Delay | B19: 20.643594 | C19: Sec/Veh | D19: =B19*E5 -> 16.049618 | E19: Sec/Veh | F19: July 14th vs May 18th | G19: =D34-D24 -> 14.422689 | H19: =D35-D25 -> 8.3568606 | I19: =D36-D26 -> 20.706892
A20: NBT Ph2 | B20: 17.152708 | C20: Sec/Veh | D20: =B20*F5 -> 13.554322 | E20: Sec/Veh | F20: July 15th and May 5th | G20: =D39-D14 -> 13.463878 | H20: =D40-D15 -> 8.5712604 | I20: =D41-D16 -> 18.726309
A21: SBT Ph6 | B21: 24.134479 | C21: Sec/Veh | D21: =B21*G5 -> 18.532416 | E21: Sec/Veh | F21: July 15th and May 6th | G21: =D39-D19 -> 14.056732 | H21: =D40-D20 -> 8.8334983 | I21: =D41-D21 -> 19.6493
F22: July 15th and May 18th | G22: =D39-D24 -> 15.561728 | H22: =D40-D25 -> 9.7375005 | I22: =D41-D26 -> 21.744263
A23: May 18th | F23: Overall Average | G23: =AVERAGE(G14:G22) -> 11.753007 | H23: =AVERAGE(H14:H22) -> 6.9884744 | I23: =AVERAGE(I14:I22) -> 16.715794
A24: Average Approach Delay | B24: 19.399479 | C24: Sec/Veh | D24: =B24*E6 -> 14.544622 | E24: Sec/Veh
A25: NBT Ph2 | B25: 16.449896 | C25: Sec/Veh | D25: =B25*F6 -> 12.650319 | E25: Sec/Veh
A26: SBT Ph6 | B26: 22.349063 | C26: Sec/Veh | D26: =B26*G6 -> 16.437453 | E26: Sec/Veh
F27: Normalized Absolute Value Random Fluctuations Between Days (Sec/Veh)
A28: June 23rd | G28: Average Approach Delay | H28: NBT Ph2 | I28: SBT Ph6
A29: Average Approach Delay | B29: 19.91125 | C29: Sec/Veh | D29: =B29*E7 -> 23.422073 | E29: Sec/Veh | F29: May 18th and May 5th | G29: =ABS(D24-D14) -> 2.0978502 | H29: =ABS(D25-D15) -> 1.1662401 | I29: =ABS(D26-D16) -> 3.0179538
A30: NBT Ph2 | B30: 15.277292 | C30: Sec/Veh | D30: =B30*F7 -> 17.679036 | E30: Sec/Veh | F30: May 18th and May 6th | G30: =ABS(D24-D19) -> 1.5049961 | H30: =ABS(D25-D20) -> 0.90400219 | I30: =ABS(D26-D21) -> 2.0949632
A31: SBT Ph6 | B31: 24.545208 | C31: Sec/Veh | D31: =B31*G7 -> 29.246598 | E31: Sec/Veh | F31: May 6th and May 5th | G31: =ABS(D19-D14) -> 0.59285414 | H31: =ABS(D20-D15) -> 0.26223791 | I31: =ABS(D21-D16) -> 0.92299066
F32: July 15th and June 23 | G32: =ABS(D39-D29) -> 6.684277 | H32: =ABS(D40-D30) -> 4.7087834 | I32: =ABS(D41-D31) -> 8.9351181
A33: July 14th | F33: July 15th and July 14th | G33: =ABS(D39-D34) -> 1.1390386 | H33: =ABS(D40-D35) -> 1.3806399 | I33: =ABS(D41-D36) -> 1.037371
A34: Average Approach Delay | B34: 19.664115 | C34: Sec/Veh | D34: =B34*E8 -> 28.967311 | E34: Sec/Veh | F34: July 14th and June 23rd | G34: =ABS(D34-D29) -> 5.5452384 | H34: =ABS(D35-D30) -> 3.3281436 | I34: =ABS(D36-D31) -> 7.897747
A35: NBT Ph2 | B35: 14.661562 | C35: Sec/Veh | D35: =B35*F8 -> 21.00718 | E35: Sec/Veh | F35: Overall Average | G35: =AVERAGE(G29:G34) -> 2.9273757 | H35: =AVERAGE(H29:H34) -> 1.9583412 | I35: =AVERAGE(I29:I34) -> 3.9843573
A36: SBT Ph6 | B36: 24.666667 | C36: Sec/Veh | D36: =B36*G8 -> 37.144345 | E36: Sec/Veh
A38: July 15th
A39: Average Approach Delay | B39: 20.194219 | C39: Sec/Veh | D39: =B39*E9 -> 30.10635 | E39: Sec/Veh
A40: NBT Ph2 | B40: 15.768125 | C40: Sec/Veh | D40: =B40*F9 -> 22.38782 | E40: Sec/Veh
A41: SBT Ph6 | B41: 24.620313 | C41: Sec/Veh | D41: =B41*G9 -> 38.181716 | E41: Sec/Veh
A43: Arrival on Red
A44: Normalization Factors
B45: Total Traffic Volumes | C45: NBT Ph2 | D45: SBT Ph6 | E45: Total Weight Factor | F45: NBT Ph2 Weight Factor | G45: SBT Weight Factor
A46: May 5th | B46: 76294 | C46: 32915 | D46: 43379 | E46: =B$10/B46 -> 0.84726628 | F46: =C$10/C46 -> 0.85633197 | G46: =D$10/D46 -> 0.84038744
A47: May 6th | B47: 83144 | C47: 35669 | D47: 47475 | E47: =B$10/B47 -> 0.77746239 | F47: =C$10/C47 -> 0.79021466 | G47: =D$10/D47 -> 0.76788134
A48: May 18th | B48: 86218 | C48: 36652 | D48: 49566 | E48: =B$10/B48 -> 0.7497429 | F48: =C$10/C48 -> 0.76902124 | G48: =D$10/D48 -> 0.73548736
A49: June 23rd | B49: 54952 | C49: 24357 | D49: 30595 | E49: =B$10/B49 -> 1.1763236 | F49: =C$10/C49 -> 1.1572101 | G49: =D$10/D49 -> 1.19154
A50: July 14th | B50: 43881 | C50: 19672 | D50: 24209 | E50: =B$10/B50 -> 1.4731053 | F50: =C$10/C50 -> 1.4328064 | G50: =D$10/D50 -> 1.5058518
A51: July 15th | B51: 43359 | C51: 19852 | D51: 23507 | E51: =B$10/B51 -> 1.49084 | F51: =C$10/C51 -> 1.419815 | G51: =D$10/D51 -> 1.5508217
A52: Average | B52: =AVERAGE(B46:B51) -> 64641.333 | C52: =AVERAGE(C46:C51) -> 28186.167 | D52: =AVERAGE(D46:D51) -> 36455.167 | E52: =B$10/B52 -> 1 | F52: =C$10/C52 -> 1 | G52: =D$10/D52 -> 1
F54: Normalized Before After Arrival on Red Calculations (%)
A55: May 5th | B55: % | D55: Normalized % | G55: Average % Arrivals on Red | H55: NBT Ph2 | I55: SBT Ph6
A56: % Arrivals on Red | B56: 51.802031 | C56: % | D56: =B56*E46 -> 43.890114 | E56: % | F56: June 23rd and May 5th | G56: =D71-D56 -> 17.511771 | H56: =D72-D57 -> 13.816529 | I56: =D73-D58 -> 21.171114
A57: NBT Ph2 | B57: 46.609375 | C57: % | D57: =B57*F46 -> 39.913098 | E57: % | F57: June 23rd and May 6th | G57: =D71-D61 -> 19.024759 | H57: =D72-D57 -> 13.816529 | I57: =D73-D63 -> 23.777973
A58: SBT Ph6 | B58: 56.994687 | C58: % | D58: =B58*G46 -> 47.897619 | E58: % | F58: June 23rd and May 18th | G58: =D71-D66 -> 23.568414 | H58: =D72-D67 -> 18.296332 | I58: =D73-D68 -> 28.728708
F59: July 14th vs May 5th | G59: =D76-D56 -> 32.295362 | H59: =D77-D57 -> 24.593635 | I59: =D78-D58 -> 40.065146
A60: May 6th | F60: July 14th vs May 6th | G60: =D76-D61 -> 33.80835 | H60: =D77-D62 -> 24.970318 | I60: =D78-D63 -> 42.672004
A61: % Arrivals on Red | B61: 54.506979 | C61: % | D61: =B61*E47 -> 42.377127 | E61: % | F61: July 14th vs May 18th | G61: =D76-D66 -> 38.352005 | H61: =D77-D67 -> 29.073439 | I61: =D78-D68 -> 47.622739
A62: NBT Ph2 | B62: 50.0325 | C62: % | D62: =B62*F47 -> 39.536415 | E62: % | F62: July 15th and May 5th | G62: =D81-D56 -> 33.702675 | H62: =D82-D57 -> 25.223132 | I62: =D83-D58 -> 42.385245
A63: SBT Ph6 | B63: 58.981458 | C63: % | D63: =B63*G47 -> 45.290761 | E63: % | F63: July 15th and May 6th | G63: =D81-D61 -> 35.215662 | H63: =D82-D62 -> 25.599815 | I63: =D83-D63 -> 44.992103
F64: July 15th and May 18th | G64: =D81-D66 -> 39.759317 | H64: =D82-D67 -> 29.702935 | I64: =D83-D68 -> 49.942838
A65: May 18th | F65: Overall Average | G65: =AVERAGE(G56:G64) -> 30.359813 | H65: =AVERAGE(H56:H64) -> 22.788074 | I65: =AVERAGE(I56:I64) -> 37.928652
A66: % Arrivals on Red | B66: 50.461927 | C66: % | D66: =B66*E48 -> 37.833472 | E66: %
A67: NBT Ph2 | B67: 46.075833 | C67: % | D67: =B67*F48 -> 35.433295 | E67: %
A68: SBT Ph6 | B68: 54.848021 | C68: % | D68: =B68*G48 -> 40.340026 | E68: %
F69: Normalized Absolute Value Random Fluctuations Between Days (%)
A70: June 23rd | G70: Average % Arrivals on Red | H70: NBT Ph2 | I70: SBT Ph6
A71: % Arrivals on Red | B71: 52.198125 | C71: % | D71: =B71*E49 -> 61.401885 | E71: % | F71: May 18th and May 5th | G71: =ABS(D66-D56) -> 6.0566426 | H71: =ABS(D67-D57) -> 4.479803 | I71: =ABS(D68-D58) -> 7.5575932
A72: NBT Ph2 | B72: 46.430312 | C72: % | D72: =B72*F49 -> 53.729627 | E72: % | F72: May 18th and May 6th | G72: =ABS(D66-D61) -> 4.543655 | H72: =ABS(D67-D62) -> 4.1031202 | I72: =ABS(D68-D63) -> 4.9507351
A73: SBT Ph6 | B73: 57.965938 | C73: % | D73: =B73*G49 -> 69.068734 | E73: % | F73: May 6th and May 5th | G73: =ABS(D61-D56) -> 1.5129876 | H73: =ABS(D62-D57) -> 0.37668282 | I73: =ABS(D63-D58) -> 2.6068581
F74: July 15th and June 23 | G74: =ABS(D81-D71) -> 16.190904 | H74: =ABS(D82-D72) -> 11.406603 | I74: =ABS(D83-D73) -> 21.214131
A75: July 14th | F75: July 15th and July 14th | G75: =ABS(D81-D76) -> 1.4073124 | H75: =ABS(D82-D77) -> 0.62949671 | I75: =ABS(D83-D78) -> 2.3200993
A76: % Arrivals on Red | B76: 51.717604 | C76: % | D76: =B76*E50 -> 76.185476 | E76: % | F76: July 14th and June 23rd | G76: =ABS(D76-D71) -> 14.783591 | H76: =ABS(D77-D72) -> 10.777106 | I76: =ABS(D78-D73) -> 18.894032
A77: NBT Ph2 | B77: 45.02125 | C77: % | D77: =B77*F50 -> 64.506733 | E77: % | F77: Overall Average | G77: =AVERAGE(G71:G76) -> 7.4158487 | H77: =AVERAGE(H71:H76) -> 5.2954686 | I77: =AVERAGE(I71:I76) -> 9.5905746
A78: SBT Ph6 | B78: 58.413958 | C78: % | D78: =B78*G50 -> 87.962765 | E78: %
A80: July 15th
A81: % Arrivals on Red | B81: 52.046354 | C81: % | D81: =B81*E51 -> 77.592789 | E81: %
A82: NBT Ph2 | B82: 45.876563 | C82: % | D82: =B82*F51 -> 65.13623 | E82: %
A83: SBT Ph6 | B83: 58.216146 | C83: % | D83: =B83*G51 -> 90.282865 | E83: %
A85: Wait Time
I86: Before After Delay Calculations (Sec/Veh)
A87: May 5th | E87: June 23rd | J87: Intersection Avg Wait Time | K87: SBL Ph1 | L87: NBT Ph2 | M87: WBL Ph3 | N87: EBT Ph4 | O87: NBL Ph5 | P87: SBT Ph6 | Q87: EBL Ph7 | R87: WBT PH8
A88: Intersection Avg Wait Time | C88: Sec/Veh | E88: Intersection Avg Wait Time | G88: Sec/Veh | I88: June 23rd and May 5th
A89: SBL Ph1 | C89: Sec/Veh | E89: SBL Ph1 | G89: Sec/Veh | I89: June 23rd and May 6th
A90: NBT Ph2 | C90: Sec/Veh | E90: NBT Ph2 | G90: Sec/Veh | I90: June 23rd and May 18th
A91: WBL Ph3 | C91: Sec/Veh | E91: WBL Ph3 | G91: Sec/Veh | I91: July 14th vs May 5th
A92: EBT Ph4 | C92: Sec/Veh | E92: EBT Ph4 | G92: Sec/Veh | I92: July 14th vs May 6th
A93: NBL Ph5 | C93: Sec/Veh | E93: NBL Ph5 | G93: Sec/Veh | I93: July 14th vs May 18th
A94: SBT Ph6 | C94: Sec/Veh | E94: SBT Ph6 | G94: Sec/Veh | I94: July 15th and May 5th
A95: EBL Ph7 | C95: Sec/Veh | E95: EBL Ph7 | G95: Sec/Veh | I95: July 15th and May 6th
A96: WBT PH8 | C96: Sec/Veh | E96: WBT PH8 | G96: Sec/Veh | I96: July 15th and May 18th
I97: Overall Average | J97: =AVERAGE(J88:J96) -> #DIV/0! | K97: =AVERAGE(K88:K96) -> #DIV/0! | L97: =AVERAGE(L88:L96) -> #DIV/0! | M97: =AVERAGE(M88:M96) -> #DIV/0! | N97: =AVERAGE(N88:N96) -> #DIV/0! | O97: =AVERAGE(O88:O96) -> #DIV/0! | P97: =AVERAGE(P88:P96) -> #DIV/0! | Q97: =AVERAGE(Q88:Q96) -> #DIV/0! | R97: =AVERAGE(R88:R96) -> #DIV/0!
A98: May 6th | E98: July 14th
A99: Intersection Avg Wait Time | C99: Sec/Veh | E99: Intersection Avg Wait Time | G99: Sec/Veh
A100: SBL Ph1 | C100: Sec/Veh | E100: SBL Ph1 | G100: Sec/Veh
A101: NBT Ph2 | C101: Sec/Veh | E101: NBT Ph2 | G101: Sec/Veh | I101: Absolute Value Random Fluctuations Between Days (Sec/Veh)
A102: WBL Ph3 | C102: Sec/Veh | E102: WBL Ph3 | G102: Sec/Veh | J102: Intersection Avg Wait Time | K102: SBL Ph1 | L102: NBT Ph2 | M102: WBL Ph3 | N102: EBT Ph4 | O102: NBL Ph5 | P102: SBT Ph6 | Q102: EBL Ph7 | R102: WBT PH8
A103: EBT Ph4 | C103: Sec/Veh | E103: EBT Ph4 | G103: Sec/Veh | I103: May 18th and May 5th
A104: NBL Ph5 | C104: Sec/Veh | E104: NBL Ph5 | G104: Sec/Veh | I104: May 18th and May 6th
A105: SBT Ph6 | C105: Sec/Veh | E105: SBT Ph6 | G105: Sec/Veh | I105: May 6th and May 5th
A106: EBL Ph7 | C106: Sec/Veh | E106: EBL Ph7 | G106: Sec/Veh | I106: July 15th and June 23
...

Sheet Traffic Volumes
A1: Before Data Day 1 | G1: Before Data Day 2 | M1: Before Data Day 3 | S1: After Data Day 1 | Y1: After Data Day 2 | AE1: After Data Day 3
A2: Performance Measures - ATSPM | G2: Performance Measures - ATSPM | M2: Performance Measures - ATSPM | S2: Performance Measures - ATSPM | Y2: Performance Measures - ATSPM | AE2: Performance Measures - ATSPM
A3: Traffic Volumes | G3: Traffic Volumes | M3: Traffic Volumes | S3: Traffic Volumes | Y3: Traffic Volumes | AE3: Traffic Volumes
A4: 6311 - State Street @ Center Street | G4: 6311 - State Street @ Center Street | M4: 6311 - State Street @ Center Street | S4: 6311 - State Street @ Center Street | Y4: 6311 - State Street @ Center Street | AE4: 6311 - State Street @ Center Street
A5: May 5 2026 at 00:00:00 - May 6 2026 at 00:00:00 | G5: May 6 2026 at 00:00:00 - May 7 2026 at 00:00:00 | M5: May 18 2026 at 00:00:00 - May 19 2026 at 00:00:00 | S5: June 23 2026 at 00:00:00 - June 24 2026 at 00:00:00 | Y5: July 14 2026 at 00:00:00 - July 15 2026 at 00:00:00 | AE5: July 15 2026 at 00:00:00 - July 16 2026 at 00:00:00
A7: Traffic Volumes Summary | G7: Traffic Volumes Summary | M7: Traffic Volumes Summary | S7: Traffic Volumes Summary | Y7: Traffic Volumes Summary | AE7: Traffic Volumes Summary
A8: Total Traffic Volumes | B8: =SUM(B14:B111,E14:E111)/4 -> 76294 | C8: Veh/Day | G8: Total Traffic Volumes | H8: =SUM(H14:H111,K14:K111)/4 -> 83144 | I8: Veh/Day | M8: Total Traffic Volumes | N8: =SUM(N14:N111,Q14:Q111)/4 -> 86218 | O8: Veh/Day | S8: Total Traffic Volumes | T8: =SUM(T14:T111,W14:W111)/4 -> 54952 | U8: Veh/Day | Y8: Total Traffic Volumes | Z8: =SUM(Z14:Z111,AC14:AC111)/4 -> 43881 | AA8: Veh/Day | AE8: Total Traffic Volumes | AF8: =SUM(AF14:AF111,AI14:AI111)/4 -> 43359 | AG8: Veh/Day
A9: NBT Ph2 | B9: =SUM(B14:B111)/4 -> 32915 | C9: Veh/Day | G9: NBT Ph2 | H9: =SUM(H14:H111)/4 -> 35669 | I9: Veh/Day | M9: NBT Ph2 | N9: =SUM(N14:N111)/4 -> 36652 | O9: Veh/Day | S9: NBT Ph2 | T9: =SUM(T14:T111)/4 -> 24357 | U9: Veh/Day | Y9: NBT Ph2 | Z9: =SUM(Z14:Z111)/4 -> 19672 | AA9: Veh/Day | AE9: NBT Ph2 | AF9: =SUM(AF14:AF111)/4 -> 19852 | AG9: Veh/Day
A10: SBT Ph6 | B10: =SUM(E14:E111)/4 -> 43379 | C10: Veh/Day | G10: SBT Ph6 | H10: =SUM(K14:K111)/4 -> 47475 | I10: Veh/Day | M10: SBT Ph6 | N10: =SUM(Q14:Q111)/4 -> 49566 | O10: Veh/Day | S10: SBT Ph6 | T10: =SUM(W14:W111)/4 -> 30595 | U10: Veh/Day | Y10: SBT Ph6 | Z10: =SUM(AC14:AC111)/4 -> 24209 | AA10: Veh/Day | AE10: SBT Ph6 | AF10: =SUM(AI14:AI111)/4 -> 23507 | AG10: Veh/Day
A12: NBT Ph2 | D12: SBT Ph6 | G12: NBT Ph2 | J12: SBT Ph6 | M12: NBT Ph2 | P12: SBT Ph6 | S12: NBT Ph2 | V12: SBT Ph6 | Y12: NBT Ph2 | AB12: SBT Ph6 | AE12: NBT Ph2 | AH12: SBT Ph6
A13: Total Vehicles | D13: Total Vehicles | G13: Total Vehicles | J13: Total Vehicles | M13: Total Vehicles | P13: Total Vehicles | S13: Total Vehicles | V13: Total Vehicles | Y13: Total Vehicles | AB13: Total Vehicles | AE13: Total Vehicles | AH13: Total Vehicles
A14: 1777960800000 | B14: 408 | D14: 1777960800000 | E14: 1392 | G14: 1778047200000 | H14: 1056 | J14: 1778047200000 | K14: 1420 | M14: 1779084000000 | N14: 876 | P14: 1779084000000 | Q14: 828 | S14: 1782194400000 | T14: 568 | V14: 1782194400000 | W14: 1152 | Y14: 1784008800000 | Z14: 368 | AB14: 1784008800000 | AC14: 612 | AE14: 1784095200000 | AF14: 280 | AH14: 1784095200000 | AI14: 424
A15: 1777961700000 | B15: 212 | D15: 1777961700000 | E15: 1276 | G15: 1778048100000 | H15: 868 | J15: 1778048100000 | K15: 1320 | M15: 1779084900000 | N15: 1088 | P15: 1779084900000 | Q15: 800 | S15: 1782195300000 | T15: 436 | V15: 1782195300000 | W15: 808 | Y15: 1784009700000 | Z15: 312 | AB15: 1784009700000 | AC15: 496 | AE15: 1784096100000 | AF15: 288 | AH15: 1784096100000 | AI15: 456
A16: 1777962600000 | B16: 284 | D16: 1777962600000 | E16: 1300 | G16: 1778049000000 | H16: 1004 | J16: 1778049000000 | K16: 1380 | M16: 1779085800000 | N16: 1020 | P16: 1779085800000 | Q16: 1140 | S16: 1782196200000 | T16: 536 | V16: 1782196200000 | W16: 788 | Y16: 1784010600000 | Z16: 284 | AB16: 1784010600000 | AC16: 584 | AE16: 1784097000000 | AF16: 168 | AH16: 1784097000000 | AI16: 484
A17: 1777963500000 | B17: 656 | D17: 1777963500000 | E17: 1240 | G17: 1778049900000 | H17: 856 | J17: 1778049900000 | K17: 1124 | M17: 1779086700000 | N17: 1092 | P17: 1779086700000 | Q17: 1104 | S17: 1782197100000 | T17: 428 | V17: 1782197100000 | W17: 768 | Y17: 1784011500000 | Z17: 248 | AB17: 1784011500000 | AC17: 524 | AE17: 1784097900000 | AF17: 220 | AH17: 1784097900000 | AI17: 444
A18: 1777964400000 | B18: 852 | D18: 1777964400000 | E18: 1292 | G18: 1778050800000 | H18: 932 | J18: 1778050800000 | K18: 1276 | M18: 1779087600000 | N18: 1288 | P18: 1779087600000 | Q18: 1824 | S18: 1782198000000 | T18: 312 | V18: 1782198000000 | W18: 776 | Y18: 1784012400000 | Z18: 256 | AB18: 1784012400000 | AC18: 540 | AE18: 1784098800000 | AF18: 136 | AH18: 1784098800000 | AI18: 564
A19: 1777965300000 | B19: 620 | D19: 1777965300000 | E19: 1364 | G19: 1778051700000 | H19: 756 | J19: 1778051700000 | K19: 3084 | M19: 1779088500000 | N19: 1068 | P19: 1779088500000 | Q19: 2992 | S19: 1782198900000 | T19: 376 | V19: 1782198900000 | W19: 820 | Y19: 1784013300000 | Z19: 208 | AB19: 1784013300000 | AC19: 560 | AE19: 1784099700000 | AF19: 176 | AH19: 1784099700000 | AI19: 464
A20: 1777966200000 | B20: 556 | D20: 1777966200000 | E20: 1252 | G20: 1778052600000 | H20: 1104 | J20: 1778052600000 | K20: 3444 | M20: 1779089400000 | N20: 988 | P20: 1779089400000 | Q20: 2540 | S20: 1782199800000 | T20: 356 | V20: 1782199800000 | W20: 684 | Y20: 1784014200000 | Z20: 172 | AB20: 1784014200000 | AC20: 460 | AE20: 1784100600000 | AF20: 192 | AH20: 1784100600000 | AI20: 372
A21: 1777967100000 | B21: 652 | D21: 1777967100000 | E21: 1192 | G21: 1778053500000 | H21: 936 | J21: 1778053500000 | K21: 3316 | M21: 1779090300000 | N21: 972 | P21: 1779090300000 | Q21: 2880 | S21: 1782200700000 | T21: 376 | V21: 1782200700000 | W21: 872 | Y21: 1784015100000 | Z21: 132 | AB21: 1784015100000 | AC21: 348 | AE21: 1784101500000 | AF21: 108 | AH21: 1784101500000 | AI21: 520
A22: 1777968000000 | B22: 616 | D22: 1777968000000 | E22: 1192 | G22: 1778054400000 | H22: 868 | J22: 1778054400000 | K22: 2980 | M22: 1779091200000 | N22: 952 | P22: 1779091200000 | Q22: 2760 | S22: 1782201600000 | T22: 500 | V22: 1782201600000 | W22: 936 | Y22: 1784016000000 | Z22: 100 | AB22: 1784016000000 | AC22: 508 | AE22: 1784102400000 | AF22: 116 | AH22: 1784102400000 | AI22: 476
A23: 1777968900000 | B23: 460 | D23: 1777968900000 | E23: 1068 | G23: 1778055300000 | H23: 632 | J23: 1778055300000 | K23: 2440 | M23: 1779092100000 | N23: 932 | P23: 1779092100000 | Q23: 2176 | S23: 1782202500000 | T23: 540 | V23: 1782202500000 | W23: 900 | Y23: 1784016900000 | Z23: 52 | AB23: 1784016900000 | AC23: 716 | AE23: 1784103300000 | AF23: 224 | AH23: 1784103300000 | AI23: 516
A24: 1777969800000 | B24: 612 | D24: 1777969800000 | E24: 1044 | G24: 1778056200000 | H24: 1024 | J24: 1778056200000 | K24: 2304 | M24: 1779093000000 | N24: 928 | P24: 1779093000000 | Q24: 2284 | S24: 1782203400000 | T24: 508 | V24: 1782203400000 | W24: 980 | Y24: 1784017800000 | Z24: 124 | AB24: 1784017800000 | AC24: 528 | AE24: 1784104200000 | AF24: 244 | AH24: 1784104200000 | AI24: 532
A25: 1777970700000 | B25: 388 | D25: 1777970700000 | E25: 812 | G25: 1778057100000 | H25: 776 | J25: 1778057100000 | K25: 2384 | M25: 1779093900000 | N25: 876 | P25: 1779093900000 | Q25: 2072 | S25: 1782204300000 | T25: 556 | V25: 1782204300000 | W25: 1016 | Y25: 1784018700000 | Z25: 180 | AB25: 1784018700000 | AC25: 616 | AE25: 1784105100000 | AF25: 44 | AH25: 1784105100000 | AI25: 444
... A109: 1778046300000 | B109: 1244 | D109: 1778046300000 | E109: 1144 | G109: 1778132700000 | H109: 1328 | J109: 1778132700000 | K109: 1608 | M109: 1779169500000 | N109: 1096 | P109: 1779169500000 | Q109: 1660 | S109: 1782279900000 | T109: 532 | V109: 1782279900000 | W109: 1108 | Y109: 1784094300000 | Z109: 424 | AB109: 1784094300000 | AC109: 668 | AE109: 1784180700000 | AF109: 232 | AH109: 1784180700000 | AI109: 456

Sheet Approach Delay
A1: Before Data Day 1 | G1: Before Data Day 2 | M1: Before Data Day 3 | S1: After Data Day 1 | Y1: After Data Day 2 | AE1: After Data Day 3
A2: Performance Measures - ATSPM | G2: Performance Measures - ATSPM | M2: Performance Measures - ATSPM | S2: Performance Measures - ATSPM | Y2: Performance Measures - ATSPM | AE2: Performance Measures - ATSPM
A3: Approach Delay | G3: Approach Delay | M3: Approach Delay | S3: Approach Delay | Y3: Approach Delay | AE3: Approach Delay
A4: 6311 - State Street @ Center Street | G4: 6311 - State Street @ Center Street | M4: 6311 - State Street @ Center Street | S4: 6311 - State Street @ Center Street | Y4: 6311 - State Street @ Center Street | AE4: 6311 - State Street @ Center Street
A5: May 5 2026 at 00:00:00 - May 6 2026 at 00:00:00 | G5: May 6 2026 at 00:00:00 - May 7 2026 at 00:00:00 | M5: May 18 2026 at 00:00:00 - May 19 2026 at 00:00:00 | S5: June 23 2026 at 00:00:00 - June 24 2026 at 00:00:00 | Y5: July 14 2026 at 00:00:00 - July 15 2026 at 00:00:00 | AE5: July 15 2026 at 00:00:00 - July 16 2026 at 00:00:00
A7: Approach Delay Summary | G7: Approach Delay Summary | M7: Approach Delay Summary | S7: Approach Delay Summary | Y7: Approach Delay Summary | AE7: Approach Delay Summary
A8: Average Approach Delay | B8: =AVERAGE(B16:B111,E16:E111) -> 19.642552 | C8: Sec/Veh | G8: Average Approach Delay | H8: =AVERAGE(H16:H111,K16:K111) -> 20.643594 | I8: Sec/Veh | M8: Average Approach Delay | N8: =AVERAGE(N16:N111,Q16:Q111) -> 19.399479 | O8: Sec/Veh | S8: Average Approach Delay | T8: =AVERAGE(T16:T111,W16:W111) -> 19.91125 | U8: Sec/Veh | Y8: Average Approach Delay | Z8: =AVERAGE(Z16:Z111,AC16:AC111) -> 19.664115 | AA8: Sec/Veh | AE8: Average Approach Delay | AF8: =AVERAGE(AF16:AF111,AI16:AI111) -> 20.194219 | AG8: Sec/Veh
A9: NBT Ph2 | B9: =AVERAGE(B16:B111) -> 16.134583 | C9: Sec/Veh | G9: NBT Ph2 | H9: =AVERAGE(H16:H111) -> 17.152708 | I9: Sec/Veh | M9: NBT Ph2 | N9: =AVERAGE(N16:N111) -> 16.449896 | O9: Sec/Veh | S9: NBT Ph2 | T9: =AVERAGE(T16:T111) -> 15.277292 | U9: Sec/Veh | Y9: NBT Ph2 | Z9: =AVERAGE(Z16:Z111) -> 14.661562 | AA9: Sec/Veh | AE9: NBT Ph2 | AF9: =AVERAGE(AF16:AF111) -> 15.768125 | AG9: Sec/Veh
A10: SBT Ph6 | B10: =AVERAGE(E16:E111) -> 23.150521 | C10: Sec/Veh | G10: SBT Ph6 | H10: =AVERAGE(K16:K111) -> 24.134479 | I10: Sec/Veh | M10: SBT Ph6 | N10: =AVERAGE(Q16:Q111) -> 22.349063 | O10: Sec/Veh | S10: SBT Ph6 | T10: =AVERAGE(W16:W111) -> 24.545208 | U10: Sec/Veh | Y10: SBT Ph6 | Z10: =AVERAGE(AC16:AC111) -> 24.666667 | AA10: Sec/Veh | AE10: SBT Ph6 | AF10: =AVERAGE(AI16:AI111) -> 24.620313 | AG10: Sec/Veh
A12: NBT Ph2 | D12: SBT Ph6 | G12: NBT Ph2 | J12: SBT Ph6 | M12: NBT Ph2 | P12: SBT Ph6 | S12: NBT Ph2 | V12: SBT Ph6 | Y12: NBT Ph2 | AB12: SBT Ph6 | AE12: NBT Ph2 | AH12: SBT Ph6
A13: Approach Delay | D13: Approach Delay | G13: Approach Delay | J13: Approach Delay | M13: Approach Delay | P13: Approach Delay | S13: Approach Delay | V13: Approach Delay | Y13: Approach Delay | AB13: Approach Delay | AE13: Approach Delay | AH13: Approach Delay
A14: Per Vehicle | D14: Per Vehicle | G14: Per Vehicle | J14: Per Vehicle | M14: Per Vehicle | P14: Per Vehicle | S14: Per Vehicle | V14: Per Vehicle | Y14: Per Vehicle | AB14: Per Vehicle | AE14: Per Vehicle | AH14: Per Vehicle
A15: (per second) | D15: (per second) | G15: (per second) | J15: (per second) | M15: (per second) | P15: (per second) | S15: (per second) | V15: (per second) | Y15: (per second) | AB15: (per second) | AE15: (per second) | AH15: (per second)
A16: 1777960800000 | B16: 4.83 | D16: 1777960800000 | E16: 8.45 | G16: 1778047200000 | H16: 5.13 | J16: 1778047200000 | K16: 8.09 | M16: 1779084000000 | N16: 2.54 | P16: 1779084000000 | Q16: 7.33 | S16: 1782194400000 | T16: 11.64 | V16: 1782194400000 | W16: 12.4 | Y16: 1784008800000 | Z16: 8.31 | AB16: 1784008800000 | AC16: 8.18 | AE16: 1784095200000 | AF16: 3.18 | AH16: 1784095200000 | AI16: 5.12
A17: 1777961700000 | B17: 4.66 | D17: 1777961700000 | E17: 6.21 | G17: 1778048100000 | H17: 1.95 | J17: 1778048100000 | K17: 4.92 | M17: 1779084900000 | N17: 2.43 | P17: 1779084900000 | Q17: 3.76 | S17: 1782195300000 | T17: 6.49 | V17: 1782195300000 | W17: 6.97 | Y17: 1784009700000 | Z17: 4.09 | AB17: 1784009700000 | AC17: 7.65 | AE17: 1784096100000 | AF17: 5.2 | AH17: 1784096100000 | AI17: 10.82
A18: 1777962600000 | B18: 0.92 | D18: 1777962600000 | E18: 4.55 | G18: 1778049000000 | H18: 4.34 | J18: 1778049000000 | K18: 6.9 | M18: 1779085800000 | N18: 1.92 | P18: 1779085800000 | Q18: 2.95 | S18: 1782196200000 | T18: 6.31 | V18: 1782196200000 | W18: 7.53 | Y18: 1784010600000 | Z18: 1.95 | AB18: 1784010600000 | AC18: 5.05 | AE18: 1784097000000 | AF18: 4.42 | AH18: 1784097000000 | AI18: 3.98
A19: 1777963500000 | B19: 2.47 | D19: 1777963500000 | E19: 3.54 | G19: 1778049900000 | H19: 2.88 | J19: 1778049900000 | K19: 4.17 | M19: 1779086700000 | N19: 2.15 | P19: 1779086700000 | Q19: 3.23 | S19: 1782197100000 | T19: 2.44 | V19: 1782197100000 | W19: 3.58 | Y19: 1784011500000 | Z19: 2.22 | AB19: 1784011500000 | AC19: 6.09 | AE19: 1784097900000 | AF19: 3.87 | AH19: 1784097900000 | AI19: 7.84
A20: 1777964400000 | B20: 1.78 | D20: 1777964400000 | E20: 3.65 | G20: 1778050800000 | H20: 3.73 | J20: 1778050800000 | K20: 5.34 | M20: 1779087600000 | N20: 1.57 | P20: 1779087600000 | Q20: 3.61 | S20: 1782198000000 | T20: 1.66 | V20: 1782198000000 | W20: 2.3 | Y20: 1784012400000 | Z20: 2.36 | AB20: 1784012400000 | AC20: 11.26 | AE20: 1784098800000 | AF20: 3.07 | AH20: 1784098800000 | AI20: 5.76
A21: 1777965300000 | B21: 2.19 | D21: 1777965300000 | E21: 2.65 | G21: 1778051700000 | H21: 1.49 | J21: 1778051700000 | K21: 2.72 | M21: 1779088500000 | N21: 1.29 | P21: 1779088500000 | Q21: 3.35 | S21: 1782198900000 | T21: 5.78 | V21: 1782198900000 | W21: 12.33 | Y21: 1784013300000 | Z21: 2.97 | AB21: 1784013300000 | AC21: 4.17 | AE21: 1784099700000 | AF21: 1.77 | AH21: 1784099700000 | AI21: 3.33
A22: 1777966200000 | B22: 1.64 | D22: 1777966200000 | E22: 3.18 | G22: 1778052600000 | H22: 1.51 | J22: 1778052600000 | K22: 2.4 | M22: 1779089400000 | N22: 3.51 | P22: 1779089400000 | Q22: 4.65 | S22: 1782199800000 | T22: 5.43 | V22: 1782199800000 | W22: 8.66 | Y22: 1784014200000 | Z22: 2.29 | AB22: 1784014200000 | AC22: 1.66 | AE22: 1784100600000 | AF22: 2.77 | AH22: 1784100600000 | AI22: 2.57
A23: 1777967100000 | B23: 0.83 | D23: 1777967100000 | E23: 1.02 | G23: 1778053500000 | H23: 2.66 | J23: 1778053500000 | K23: 3.24 | M23: 1779090300000 | N23: 1.75 | P23: 1779090300000 | Q23: 1.19 | S23: 1782200700000 | T23: 1.11 | V23: 1782200700000 | W23: 1.71 | Y23: 1784015100000 | Z23: 1.2 | AB23: 1784015100000 | AC23: 1.43 | AE23: 1784101500000 | AF23: 4.58 | AH23: 1784101500000 | AI23: 7.29
A24: 1777968000000 | B24: 2.78 | D24: 1777968000000 | E24: 2.83 | G24: 1778054400000 | H24: 1.44 | J24: 1778054400000 | K24: 1.51 | M24: 1779091200000 | N24: 1.23 | P24: 1779091200000 | Q24: 2.55 | S24: 1782201600000 | T24: 0.97 | V24: 1782201600000 | W24: 1.25 | Y24: 1784016000000 | Z24: 0.9 | AB24: 1784016000000 | AC24: 1.67 | AE24: 1784102400000 | AF24: 0.84 | AH24: 1784102400000 | AI24: 2.21
A25: 1777968900000 | B25: 1.14 | D25: 1777968900000 | E25: 1.65 | G25: 1778055300000 | H25: 0.39 | J25: 1778055300000 | K25: 0.98 | M25: 1779092100000 | N25: 1.43 | P25: 1779092100000 | Q25: 1.45 | S25: 1782202500000 | T25: 1.85 | V25: 1782202500000 | W25: 1.72 | Y25: 1784016900000 | Z25: 0.85 | AB25: 1784016900000 | AC25: 1.5 | AE25: 1784103300000 | AF25: 1.06 | AH25: 1784103300000 | AI25: 1.76
A26: 1777969800000 | B26: 1.13 | D26: 1777969800000 | E26: 0.92 | G26: 1778056200000 | H26: 1.44 | J26: 1778056200000 | K26: 1.99 | M26: 1779093000000 | N26: 1.01 | P26: 1779093000000 | Q26: 0.81 | S26: 1782203400000 | T26: 0.84 | V26: 1782203400000 | W26: 1.28 | Y26: 1784017800000 | Z26: 0.89 | AB26: 1784017800000 | AC26: 0.99 | AE26: 1784104200000 | AF26: 0.55 | AH26: 1784104200000 | AI26: 3.51
A27: 1777970700000 | B27: 0.88 | D27: 1777970700000 | E27: 0.89 | G27: 1778057100000 | H27: 1.33 | J27: 1778057100000 | K27: 1.54 | M27: 1779093900000 | N27: 1.36 | P27: 1779093900000 | Q27: 0.94 | S27: 1782204300000 | T27: 0.43 | V27: 1782204300000 | W27: 1.3 | Y27: 1784018700000 | Z27: 1.94 | AB27: 1784018700000 | AC27: 1.55 | AE27: 1784105100000 | AF27: 1.82 | AH27: 1784105100000 | AI27: 1
... A111: 1778046300000 | B111: 2.56 | D111: 1778046300000 | E111: 7.11 | G111: 1778132700000 | H111: 7.71 | J111: 1778132700000 | K111: 10.02 | M111: 1779169500000 | N111: 2.26 | P111: 1779169500000 | Q111: 3.77 | S111: 1782279900000 | T111: 7.18 | V111: 1782279900000 | W111: 9.94 | Y111: 1784094300000 | Z111: 9.39 | AB111: 1784094300000 | AC111: 9.73 | AE111: 1784180700000 | AF111: 6.08 | AH111: 1784180700000 | AI111: 8.23

Sheet Arrivals on Red
A1: Before Data Day 1 | G1: Before Data Day 2 | M1: Before Data Day 3 | S1: After Data Day 1 | Y1: After Data Day 2 | AE1: After Data Day 3
A2: Performance Measures - ATSPM | G2: Performance Measures - ATSPM | M2: Performance Measures - ATSPM | S2: Performance Measures - ATSPM | Y2: Performance Measures - ATSPM | AE2: Performance Measures - ATSPM
A3: Arrivals on Red | G3: Arrivals on Red | M3: Arrivals on Red | S3: Arrivals on Red | Y3: Arrivals on Red | AE3: Arrivals on Red
A4: 6311 - State Street @ Center Street | G4: 6311 - State Street @ Center Street | M4: 6311 - State Street @ Center Street | S4: 6311 - State Street @ Center Street | Y4: 6311 - State Street @ Center Street | AE4: 6311 - State Street @ Center Street
A5: May 5 2026 at 00:00:00 - May 6 2026 at 00:00:00 | G5: May 6 2026 at 00:00:00 - May 7 2026 at 00:00:00 | M5: May 18 2026 at 00:00:00 - May 19 2026 at 00:00:00 | S5: June 23 2026 at 00:00:00 - June 24 2026 at 00:00:00 | Y5: July 14 2026 at 00:00:00 - July 15 2026 at 00:00:00 | AE5: July 15 2026 at 00:00:00 - July 16 2026 at 00:00:00
A7: Arrivals on Red Summary | G7: Arrivals on Red Summary | M7: Arrivals on Red Summary | S7: Arrivals on Red Summary | Y7: Arrivals on Red Summary | AE7: Arrivals on Red Summary
A8: % Arrivals on Red | B8: =AVERAGE(B14:B109,E14:E109) -> 51.802031 | C8: % | G8: % Arrivals on Red | H8: =AVERAGE(H14:H109,K14:K109) -> 54.506979 | I8: % | M8: % Arrivals on Red | N8: =AVERAGE(N14:N109,Q14:Q109) -> 50.461927 | O8: % | S8: % Arrivals on Red | T8: =AVERAGE(T14:T109,W14:W109) -> 52.198125 | U8: % | Y8: % Arrivals on Red | Z8: =AVERAGE(Z14:Z109,AC14:AC109) -> 51.717604 | AA8: % | AE8: % Arrivals on Red | AF8: =AVERAGE(AF14:AF109,AI14:AI109) -> 52.046354 | AG8: %
A9: NBT Ph2 | B9: =AVERAGE(B14:B109) -> 46.609375 | C9: % | G9: NBT Ph2 | H9: =AVERAGE(H14:H109) -> 50.0325 | I9: % | M9: NBT Ph2 | N9: =AVERAGE(N14:N109) -> 46.075833 | O9: % | S9: NBT Ph2 | T9: =AVERAGE(T14:T109) -> 46.430312 | U9: % | Y9: NBT Ph2 | Z9: =AVERAGE(Z14:Z109) -> 45.02125 | AA9: % | AE9: NBT Ph2 | AF9: =AVERAGE(AF14:AF109) -> 45.876563 | AG9: %
A10: SBT Ph6 | B10: =AVERAGE(E14:E109) -> 56.994687 | C10: % | G10: SBT Ph6 | H10: =AVERAGE(K14:K109) -> 58.981458 | I10: % | M10: SBT Ph6 | N10: =AVERAGE(Q14:Q109) -> 54.848021 | O10: % | S10: SBT Ph6 | T10: =AVERAGE(W14:W109) -> 57.965938 | U10: % | Y10: SBT Ph6 | Z10: =AVERAGE(AC14:AC109) -> 58.413958 | AA10: % | AE10: SBT Ph6 | AF10: =AVERAGE(AI14:AI109) -> 58.216146 | AG10: %
A12: NBT Ph2 | D12: SBT Ph6 | G12: NBT Ph2 | J12: SBT Ph6 | M12: NBT Ph2 | P12: SBT Ph6 | S12: NBT Ph2 | V12: SBT Ph6 | Y12: NBT Ph2 | AB12: SBT Ph6 | AE12: NBT Ph2 | AH12: SBT Ph6
A13: % Arrivals on Red | D13: % Arrivals on Red | G13: % Arrivals on Red | J13: % Arrivals on Red | M13: % Arrivals on Red | P13: % Arrivals on Red | S13: % Arrivals on Red | V13: % Arrivals on Red | Y13: % Arrivals on Red | AB13: % Arrivals on Red | AE13: % Arrivals on Red | AH13: % Arrivals on Red
A14: 1777960800000 | B14: 44.12 | D14: 1777960800000 | E14: 46.26 | G14: 1778047200000 | H14: 40.91 | J14: 1778047200000 | K14: 51.83 | M14: 1779084000000 | N14: 26.48 | P14: 1779084000000 | Q14: 43.96 | S14: 1782194400000 | T14: 50.7 | V14: 1782194400000 | W14: 51.74 | Y14: 1784008800000 | Z14: 43.48 | AB14: 1784008800000 | AC14: 50.98 | AE14: 1784095200000 | AF14: 27.14 | AH14: 1784095200000 | AI14: 42.45
A15: 1777961700000 | B15: 43.4 | D15: 1777961700000 | E15: 44.83 | G15: 1778048100000 | H15: 20.74 | J15: 1778048100000 | K15: 42.12 | M15: 1779084900000 | N15: 29.78 | P15: 1779084900000 | Q15: 38.5 | S15: 1782195300000 | T15: 39.45 | V15: 1782195300000 | W15: 49.5 | Y15: 1784009700000 | Z15: 33.33 | AB15: 1784009700000 | AC15: 54.03 | AE15: 1784096100000 | AF15: 30.56 | AH15: 1784096100000 | AI15: 53.51
A16: 1777962600000 | B16: 11.27 | D16: 1777962600000 | E16: 33.85 | G16: 1778049000000 | H16: 39.44 | J16: 1778049000000 | K16: 50.43 | M16: 1779085800000 | N16: 25.88 | P16: 1779085800000 | Q16: 33.68 | S16: 1782196200000 | T16: 42.54 | V16: 1782196200000 | W16: 43.15 | Y16: 1784010600000 | Z16: 23.94 | AB16: 1784010600000 | AC16: 44.52 | AE16: 1784097000000 | AF16: 38.1 | AH16: 1784097000000 | AI16: 35.54
A17: 1777963500000 | B17: 26.83 | D17: 1777963500000 | E17: 31.94 | G17: 1778049900000 | H17: 26.64 | J17: 1778049900000 | K17: 37.01 | M17: 1779086700000 | N17: 25.27 | P17: 1779086700000 | Q17: 31.16 | S17: 1782197100000 | T17: 27.1 | V17: 1782197100000 | W17: 38.54 | Y17: 1784011500000 | Z17: 27.42 | AB17: 1784011500000 | AC17: 41.22 | AE17: 1784097900000 | AF17: 32.73 | AH17: 1784097900000 | AI17: 45.95
A18: 1777964400000 | B18: 23.94 | D18: 1777964400000 | E18: 34.67 | G18: 1778050800000 | H18: 35.19 | J18: 1778050800000 | K18: 37.93 | M18: 1779087600000 | N18: 18.94 | P18: 1779087600000 | Q18: 33.11 | S18: 1782198000000 | T18: 19.23 | V18: 1782198000000 | W18: 22.16 | Y18: 1784012400000 | Z18: 25 | AB18: 1784012400000 | AC18: 43.7 | AE18: 1784098800000 | AF18: 23.53 | AH18: 1784098800000 | AI18: 46.81
A19: 1777965300000 | B19: 24.52 | D19: 1777965300000 | E19: 27.86 | G19: 1778051700000 | H19: 22.75 | J19: 1778051700000 | K19: 28.79 | M19: 1779088500000 | N19: 12.36 | P19: 1779088500000 | Q19: 27.94 | S19: 1782198900000 | T19: 34.04 | V19: 1782198900000 | W19: 54.15 | Y19: 1784013300000 | Z19: 30.77 | AB19: 1784013300000 | AC19: 38.57 | AE19: 1784099700000 | AF19: 18.18 | AH19: 1784099700000 | AI19: 33.62
A20: 1777966200000 | B20: 15.83 | D20: 1777966200000 | E20: 23.96 | G20: 1778052600000 | H20: 17.03 | J20: 1778052600000 | K20: 22.65 | M20: 1779089400000 | N20: 28.34 | P20: 1779089400000 | Q20: 30.39 | S20: 1782199800000 | T20: 39.33 | V20: 1782199800000 | W20: 46.78 | Y20: 1784014200000 | Z20: 23.26 | AB20: 1784014200000 | AC20: 21.74 | AE20: 1784100600000 | AF20: 29.17 | AH20: 1784100600000 | AI20: 29.03
A21: 1777967100000 | B21: 11.04 | D21: 1777967100000 | E21: 13.42 | G21: 1778053500000 | H21: 29.06 | J21: 1778053500000 | K21: 28.95 | M21: 1779090300000 | N21: 18.11 | P21: 1779090300000 | Q21: 11.94 | S21: 1782200700000 | T21: 12.77 | V21: 1782200700000 | W21: 15.6 | Y21: 1784015100000 | Z21: 18.18 | AB21: 1784015100000 | AC21: 17.24 | AE21: 1784101500000 | AF21: 29.63 | AH21: 1784101500000 | AI21: 47.69
A22: 1777968000000 | B22: 22.73 | D22: 1777968000000 | E22: 29.53 | G22: 1778054400000 | H22: 12.9 | J22: 1778054400000 | K22: 15.84 | M22: 1779091200000 | N22: 12.61 | P22: 1779091200000 | Q22: 20.58 | S22: 1782201600000 | T22: 11.2 | V22: 1782201600000 | W22: 18.38 | Y22: 1784016000000 | Z22: 8 | AB22: 1784016000000 | AC22: 21.26 | AE22: 1784102400000 | AF22: 13.79 | AH22: 1784102400000 | AI22: 24.37
A23: 1777968900000 | B23: 17.39 | D23: 1777968900000 | E23: 17.6 | G23: 1778055300000 | H23: 6.96 | J23: 1778055300000 | K23: 12.62 | M23: 1779092100000 | N23: 8.58 | P23: 1779092100000 | Q23: 10.85 | S23: 1782202500000 | T23: 18.52 | V23: 1782202500000 | W23: 24 | Y23: 1784016900000 | Z23: 7.69 | AB23: 1784016900000 | AC23: 21.23 | AE23: 1784103300000 | AF23: 19.64 | AH23: 1784103300000 | AI23: 18.6
A24: 1777969800000 | B24: 10.46 | D24: 1777969800000 | E24: 13.03 | G24: 1778056200000 | H24: 12.89 | J24: 1778056200000 | K24: 15.28 | M24: 1779093000000 | N24: 12.93 | P24: 1779093000000 | Q24: 11.21 | S24: 1782203400000 | T24: 7.87 | V24: 1782203400000 | W24: 11.43 | Y24: 1784017800000 | Z24: 12.9 | AB24: 1784017800000 | AC24: 13.64 | AE24: 1784104200000 | AF24: 11.48 | AH24: 1784104200000 | AI24: 33.08
A25: 1777970700000 | B25: 10.31 | D25: 1777970700000 | E25: 14.78 | G25: 1778057100000 | H25: 15.98 | J25: 1778057100000 | K25: 16.78 | M25: 1779093900000 | N25: 17.35 | P25: 1779093900000 | Q25: 12.74 | S25: 1782204300000 | T25: 7.19 | V25: 1782204300000 | W25: 17.32 | Y25: 1784018700000 | Z25: 24.44 | AB25: 1784018700000 | AC25: 16.23 | AE25: 1784105100000 | AF25: 27.27 | AH25: 1784105100000 | AI25: 14.41
... A109: 1778046300000 | B109: 23.15 | D109: 1778046300000 | E109: 51.75 | G109: 1778132700000 | H109: 40.96 | J109: 1778132700000 | K109: 55.47 | M109: 1779169500000 | N109: 27.37 | P109: 1779169500000 | Q109: 36.63 | S109: 1782279900000 | T109: 47.37 | V109: 1782279900000 | W109: 57.04 | Y109: 1784094300000 | Z109: 44.34 | AB109: 1784094300000 | AC109: 57.49 | AE109: 1784180700000 | AF109: 46.55 | AH109: 1784180700000 | AI109: 53.51

Sheet Pedestrian Delay
A1: Before Data Day 1 | M1: Before Data Day 2 | Y1: Before Data Day 3 | AK1: After Data Day 1 | AW1: After Data Day 2 | BI1: After Data Day 3
A2: Performance Measures - ATSPM | C2: *Pedestrian delay records the delay each pedestrian encounters. This data is for each pedestrian, it is not sorted into bins. | M2: Performance Measures - ATSPM | O2: *Pedestrian delay records the delay each pedestrian encounters. This data is for each pedestrian, it is not sorted into bins. | Y2: Performance Measures - ATSPM | AA2: *Pedestrian delay records the delay each pedestrian encounters. This data is for each pedestrian, it is not sorted into bins. | AK2: Performance Measures - ATSPM | AM2: *Pedestrian delay records the delay each pedestrian encounters. This data is for each pedestrian, it is not sorted into bins. | AW2: Performance Measures - ATSPM | AY2: *Pedestrian delay records the delay each pedestrian encounters. This data is for each pedestrian, it is not sorted into bins. | BI2: Performance Measures - ATSPM | BK2: *Pedestrian delay records the delay each pedestrian encounters. This data is for each pedestrian, it is not sorted into bins.
A3: Pedestrian Delay | M3: Pedestrian Delay | Y3: Pedestrian Delay | AK3: Pedestrian Delay | AW3: Pedestrian Delay | BI3: Pedestrian Delay
A4: 6311 - State Street @ Center Street | M4: 6311 - State Street @ Center Street | Y4: 6311 - State Street @ Center Street | AK4: 6311 - State Street @ Center Street | AW4: 6311 - State Street @ Center Street | BI4: 6311 - State Street @ Center Street
A5: May 5 at 00.00 to May 6 at 00.00 | M5: May 6 at 00.00 to May 7 at 00.00 | Y5: May 18 at 00.00 to May 19 at 00.00 | AK5: June 23 at 00.00 to June 24 at 00.00 | AW5: July 14 at 00.00 to July 15 at 00.00 | BI5: July 15 at 00.00 to July 16 at 00.00
A7: Pedestrian Delay | M7: Pedestrian Delay | Y7: Pedestrian Delay | AK7: Pedestrian Delay | AW7: Pedestrian Delay | BI7: Pedestrian Delay
A8: Intersection Avg Delay | B8: =AVERAGE(B17:B82,E:E,H:H,K:K) -> 47.185824 | C8: Sec/Cycle | M8: Intersection Avg Delay | N8: =AVERAGE(N17:N90,Q:Q,T:T,W:W) -> 41.896644 | O8: Sec/Cycle | Y8: Intersection Avg Delay | Z8: =AVERAGE(Z17:Z84,AC:AC,AF:AF,AI:AI) -> 37.602247 | AA8: Sec/Cycle | AK8: Intersection Avg Delay | AL8: =AVERAGE(AL17:AL84,AO:AO,AR:AR,AU:AU) -> 37.320896 | AM8: Sec/Cycle | AW8: Intersection Avg Delay | AX8: =AVERAGE(AX17:AX84,BA:BA,BD:BD,BG:BG) -> 42.318981 | AY8: Sec/Cycle | BI8: Intersection Avg Delay | BJ8: =AVERAGE(BJ17:BJ89,BM:BM,BP:BP,BS:BS) -> 43.842324 | BK8: Sec/Cycle
A9: NBT Ph2 | B9: =AVERAGE(B17:B82) -> 40.113636 | C9: Sec/Cycle | M9: NBT Ph2 | N9: =AVERAGE(N17:N90) -> 41.583784 | O9: Sec/Cycle | Y9: NBT Ph2 | Z9: =AVERAGE(Z17:Z84) -> 28.826471 | AA9: Sec/Cycle | AK9: NBT Ph2 | AL9: =AVERAGE(AL17:AL84) -> 37.333333 | AM9: Sec/Cycle | AW9: NBT Ph2 | AX9: =AVERAGE(AX17:AX84) -> 44.420339 | AY9: Sec/Cycle | BI9: NBT Ph2 | BJ9: =AVERAGE(BJ17:BJ89) -> 42.578082 | BK9: Sec/Cycle
A10: EBT Ph4 | B10: =AVERAGE(E:E) -> 53.442424 | C10: Sec/Cycle | M10: EBT Ph4 | N10: =AVERAGE(Q:Q) -> 45.039759 | O10: Sec/Cycle | Y10: EBT Ph4 | Z10: =AVERAGE(AC:AC) -> 52.949275 | AA10: Sec/Cycle | AK10: EBT Ph4 | AL10: =AVERAGE(AO:AO) -> 43.455682 | AM10: Sec/Cycle | AW10: EBT Ph4 | AX10: =AVERAGE(BA:BA) -> 41.28 | AY10: Sec/Cycle | BI10: EBT Ph4 | BJ10: =AVERAGE(BM:BM) -> 55.367187 | BK10: Sec/Cycle
A11: SBT Ph6 | B11: =AVERAGE(H:H) -> 38.61875 | C11: Sec/Cycle | M11: SBT Ph6 | N11: =AVERAGE(T:T) -> 44.342857 | O11: Sec/Cycle | Y11: SBT Ph6 | Z11: =AVERAGE(AF:AF) -> 33.172222 | AA11: Sec/Cycle | AK11: SBT Ph6 | AL11: =AVERAGE(AR:AR) -> 31.411538 | AM11: Sec/Cycle | AW11: SBT Ph6 | AX11: =AVERAGE(BD:BD) -> 38.280851 | AY11: Sec/Cycle | BI11: SBT Ph6 | BJ11: =AVERAGE(BP:BP) -> 34.276563 | BK11: Sec/Cycle
A12: WBT Ph8 | B12: =AVERAGE(K:K) -> 52.92716 | C12: Sec/Cycle | M12: WBT Ph8 | N12: =AVERAGE(W:W) -> 36.873077 | O12: Sec/Cycle | Y12: WBT Ph8 | Z12: =AVERAGE(AI:AI) -> 35.132759 | AA12: Sec/Cycle | AK12: WBT Ph8 | AL12: =AVERAGE(AU:AU) -> 33.730769 | AM12: Sec/Cycle | AW12: WBT Ph8 | AX12: =AVERAGE(BG:BG) -> 44.554545 | AY12: Sec/Cycle | BI12: WBT Ph8 | BJ12: =AVERAGE(BS:BS) -> 43.015 | BK12: Sec/Cycle
A14: Direction | M14: Direction | Y14: Direction | AK14: Direction | AW14: Direction | BI14: Direction
A15: NBT Ph2 | D15: EBT Ph4 | G15: SBT Ph6 | J15: WBT Ph8 | M15: NBT Ph2 | P15: EBT Ph4 | S15: SBT Ph6 | V15: WBT Ph8 | Y15: NBT Ph2 | AB15: EBT Ph4 | AE15: SBT Ph6 | AH15: WBT Ph8 | AK15: NBT Ph2 | AN15: EBT Ph4 | AQ15: SBT Ph6 | AT15: WBT Ph8 | AW15: NBT Ph2 | AZ15: EBT Ph4 | BC15: SBT Ph6 | BF15: WBT Ph8 | BI15: NBT Ph2 | BL15: EBT Ph4 | BO15: SBT Ph6 | BR15: WBT Ph8
A16: Pedestrian Delay | D16: Pedestrian Delay | G16: Pedestrian Delay | J16: Pedestrian Delay | M16: Pedestrian Delay | P16: Pedestrian Delay | S16: Pedestrian Delay | V16: Pedestrian Delay | Y16: Pedestrian Delay | AB16: Pedestrian Delay | AE16: Pedestrian Delay | AH16: Pedestrian Delay | AK16: Pedestrian Delay | AN16: Pedestrian Delay | AQ16: Pedestrian Delay | AT16: Pedestrian Delay | AW16: Pedestrian Delay | AZ16: Pedestrian Delay | BC16: Pedestrian Delay | BF16: Pedestrian Delay | BI16: Pedestrian Delay | BL16: Pedestrian Delay | BO16: Pedestrian Delay | BR16: Pedestrian Delay
A17: 1777962217006 | B17: 0.3 | D17: 1777982049001 | E17: 80.1 | G17: 1777960816008 | H17: 0.3 | J17: 1777961065000 | K17: 0.3 | M17: 1778059282004 | N17: 81.7 | P17: 1778070138006 | Q17: 18.3 | S17: 1778066759001 | T17: 29.9 | V17: 1778058936009 | W17: 6.2 | Y17: 1779089736000 | Z17: 0.3 | AB17: 1779110146003 | AC17: 6.1 | AE17: 1779103475005 | AF17: 18.5 | AH17: 1779092497002 | AI17: 9.4 | AK17: 1782194782005 | AL17: 0.3 | AN17: 1782196859004 | AO17: 59.7 | AQ17: 1782198385005 | AR17: 0.3 | AT17: 1782195038002 | AU17: 35.9 | AW17: 1784022877006 | AX17: 0.3 | AZ17: 1784030429005 | BA17: 15 | BC17: 1784030375005 | BD17: 13.5 | BF17: 1784012496005 | BG17: 42 | BI17: 1784096859005 | BJ17: 0.3 | BL17: 1784118691000 | BM17: 82.7 | BO17: 1784095381006 | BP17: 0.3 | BR17: 1784098751009 | BS17: 14.9
A18: 1777983843002 | B18: 23.9 | D18: 1777982198001 | E18: 29.1 | G18: 1777961108004 | H18: 39.4 | J18: 1777974651001 | K18: 7.4 | M18: 1778059632006 | N18: 91.9 | P18: 1778070831008 | Q18: 59.2 | S18: 1778070908006 | T18: 35.3 | V18: 1778059206004 | W18: 0.3 | Y18: 1779089793006 | Z18: 0.3 | AB18: 1779110939002 | AC18: 64.9 | AE18: 1779106317007 | AF18: 8 | AH18: 1779101806005 | AI18: 18.5 | AK18: 1782195105005 | AL18: 0.3 | AN18: 1782201439006 | AO18: 6.2 | AQ18: 1782202065007 | AR18: 0.3 | AT18: 1782199540001 | AU18: 28 | AW18: 1784031691006 | AX18: 0.3 | AZ18: 1784030587009 | BA18: 46.3 | BC18: 1784031793008 | BD18: 0.3 | BF18: 1784013219005 | BG18: 13.7 | BI18: 1784096859008 | BJ18: 0 | BL18: 1784119089000 | BM18: 94.8 | BO18: 1784116856006 | BP18: 0.3 | BR18: 1784117945006 | BS18: 2
A19: 1777984081008 | B19: 29.8 | D19: 1777983953009 | E19: 0.3 | G19: 1777965709005 | H19: 0.3 | J19: 1777974715006 | K19: 10 | M19: 1778072994003 | N19: 28.7 | P19: 1778072423002 | Q19: 32.4 | S19: 1778072736001 | T19: 32.6 | V19: 1778059321002 | W19: 23.9 | Y19: 1779089842005 | Z19: 0.3 | AB19: 1779111732005 | AC19: 71.1 | AE19: 1779106440008 | AF19: 108.7 | AH19: 1779107626000 | AI19: 0.2 | AK19: 1782195847006 | AL19: 0.3 | AN19: 1782214329006 | AO19: 8.3 | AQ19: 1782214373001 | AR19: 0.3 | AT19: 1782206212009 | AU19: 6.2 | AW19: 1784032102004 | AX19: 0.3 | AZ19: 1784031228006 | BA19: 31.6 | BC19: 1784032626002 | BD19: 17.3 | BF19: 1784026426008 | BG19: 6.3 | BI19: 1784115398003 | BJ19: 15.3 | BL19: 1784119617000 | BM19: 57.9 | BO19: 1784117741004 | BP19: 54.3 | BR19: 1784123313000 | BS19: 59.3
A20: 1777986988001 | B20: 1.8 | D20: 1777984425000 | E20: 15.4 | G20: 1777982090006 | H20: 20.5 | J20: 1777975194003 | K20: 27.6 | M20: 1778075904000 | N20: 50.1 | P20: 1778073084009 | Q20: 79.2 | S20: 1778072869002 | T20: 8.2 | V20: 1778059705009 | W20: 6.7 | Y20: 1779090147005 | Z20: 0.3 | AB20: 1779112126009 | AC20: 40.5 | AE20: 1779106839009 | AF20: 6.1 | AH20: 1779107757000 | AI20: 34.3 | AK20: 1782195847009 | AL20: 0 | AN20: 1782215668003 | AO20: 0.3 | AQ20: 1782216497004 | AR20: 24.3 | AT20: 1782212146001 | AU20: 34.5 | AW20: 1784032724000 | AX20: 66.8 | AZ20: 1784031739008 | BA20: 3.3 | BC20: 1784033293005 | BD20: 38.7 | BF20: 1784032153006 | BG20: 35 | BI20: 1784120455002 | BJ20: 6.1 | BL20: 1784123329008 | BM20: 37.8 | BO20: 1784119156001 | BP20: 24.1 | BR20: 1784125161000 | BS20: 95
A21: 1777987904001 | B21: 27.9 | D21: 1777986405000 | E21: 0 | G21: 1777984507005 | H21: 41.7 | J21: 1777975895003 | K21: 6.2 | M21: 1778077224000 | N21: 30.6 | P21: 1778073857006 | Q21: 40.5 | S21: 1778073532005 | T21: 41.6 | V21: 1778059844004 | W21: 0 | Y21: 1779090362005 | Z21: 0.3 | AB21: 1779112652002 | AC21: 71.2 | AE21: 1779112070001 | AF21: 0 | AH21: 1779109209000 | AI21: 7.3 | AK21: 1782196807006 | AL21: 13.1 | AN21: 1782216455009 | AO21: 40.2 | AQ21: 1782216653000 | AR21: 0.3 | AT21: 1782212226006 | AU21: 11.8 | AW21: 1784037768000 | AX21: 28.9 | AZ21: 1784032568002 | BA21: 54.7 | BC21: 1784039377000 | BD21: 71.4 | BF21: 1784033349000 | BG21: 22.1 | BI21: 1784122716000 | BJ21: 56.2 | BL21: 1784123593000 | BM21: 108.3 | BO21: 1784119693001 | BP21: 24 | BR21: 1784125425000 | BS21: 2.9
A22: 1777989487001 | B22: 20.6 | D22: 1777986947000 | E22: 0.2 | G22: 1777986353000 | H22: 0 | J22: 1777976046003 | K22: 46.4 | M22: 1778078416001 | N22: 0 | P22: 1778074539000 | Q22: 14.8 | S22: 1778074741000 | T22: 55.4 | V22: 1778059909003 | W22: 0 | Y22: 1779090549001 | Z22: 8.7 | AB22: 1779114885000 | AC22: 33.6 | AE22: 1779114710006 | AF22: 0 | AH22: 1779110265000 | AI22: 42.7 | AK22: 1782199492007 | AL22: 0.3 | AN22: 1782217152002 | AO22: 25.3 | AQ22: 1782217100007 | AR22: 0.3 | AT22: 1782216711009 | AU22: 62.7 | AW22: 1784038028003 | AX22: 53.5 | AZ22: 1784033232000 | BA22: 5.2 | BC22: 1784039507008 | BD22: 22.1 | BF22: 1784033349002 | BG22: 0 | BI22: 1784123217002 | BJ22: 66.1 | BL22: 1784123988002 | BM22: 27.3 | BO22: 1784120752008 | BP22: 69.1 | BR22: 1784128725000 | BS22: 51.6
A23: 1777992408000 | B23: 19.2 | D23: 1777989428002 | E23: 49.1 | G23: 1777987007003 | H23: 61.1 | J23: 1777978535002 | K23: 16.2 | M23: 1778078540007 | N23: 111.9 | P23: 1778077161000 | Q23: 8.1 | S23: 1778074873000 | T23: 25.7 | V23: 1778060754003 | W23: 6.7 | Y23: 1779090702008 | Z23: 0.3 | AB23: 1779116883000 | AC23: 20.7 | AE23: 1779114832001 | AF23: 21.6 | AH23: 1779111585000 | AI23: 10.3 | AK23: 1782199492009 | AL23: 0 | AN23: 1782217352005 | AO23: 50.3 | AQ23: 1782217974005 | AR23: 20.6 | AT23: 1782217165007 | AU23: 30 | AW23: 1784038417003 | AX23: 25.9 | AZ23: 1784037056006 | BA23: 26.1 | BC23: 1784040417004 | BD23: 36.9 | BF23: 1784035329000 | BG23: 35.4 | BI23: 1784124151003 | BJ23: 7 | BL23: 1784124384008 | BM23: 0.2 | BO23: 1784121561005 | BP23: 0 | BR23: 1784128989000 | BS23: 30.4
A24: 1777992804000 | B24: 113.3 | D24: 1777990115000 | E24: 5.9 | G24: 1777987927004 | H24: 68.7 | J24: 1777982198001 | K24: 9.8 | M24: 1778080260000 | N24: 45.9 | P24: 1778078492002 | Q24: 70.9 | S24: 1778075137000 | T24: 64.8 | V24: 1778061248005 | W24: 7.9 | Y24: 1779090849008 | Z24: 19.4 | AB24: 1779118723009 | AC24: 51.5 | AE24: 1779117339003 | AF24: 10.1 | AH24: 1779112641000 | AI24: 114.7 | AK24: 1782215725007 | AL24: 62.7 | AN24: 1782217914000 | AO24: 29.8 | AQ24: 1782219813007 | AR24: 16 | AT24: 1782218025000 | AU24: 8.9 | AW24: 1784038690008 | AX24: 15.4 | AZ24: 1784038510001 | BA24: 64.7 | BC24: 1784045046001 | BD24: 34.7 | BF24: 1784036253000 | BG24: 48.9 | BI24: 1784124556008 | BJ24: 29.2 | BL24: 1784124512005 | BM24: 94.5 | BO24: 1784121675003 | BP24: 21.7 | BR24: 1784132022000 | BS24: 76.9
A25: 1777993985005 | B25: 66.8 | D25: 1777992488002 | E25: 95.8 | G25: 1777988734000 | H25: 61 | J25: 1777984425000 | K25: 23.6 | M25: 1778081572005 | N25: 13.6 | P25: 1778079159000 | Q25: 53.1 | S25: 1778075268009 | T25: 55.9 | V25: 1778061413002 | W25: 80.3 | Y25: 1779091228000 | Z25: 0.3 | AB25: 1779120972000 | AC25: 83.1 | AE25: 1779121570001 | AF25: 34.1 | AH25: 1779112773000 | AI25: 27.9 | AK25: 1782218331001 | AL25: 6.5 | AN25: 1782218435000 | AO25: 105.6 | AQ25: 1782220880002 | AR25: 47.5 | AT25: 1782219345000 | AU25: 14.8 | AW25: 1784042517001 | AX25: 39.8 | AZ25: 1784040495000 | BA25: 25 | BC25: 1784045184000 | BD25: 51.4 | BF25: 1784037045000 | BG25: 26.6 | BI25: 1784125351008 | BJ25: 22.5 | BL25: 1784124909007 | BM25: 5.3 | BO25: 1784122986006 | BP25: 13.3 | BR25: 1784134926000 | BS25: 2.8
A26: 1778000456000 | B26: 65.4 | D26: 1777993153000 | E26: 123.8 | G26: 1777991113000 | H26: 32.1 | J26: 1777987065000 | K26: 46 | M26: 1778082217002 | N26: 4.8 | P26: 1778081529009 | Q26: 9.1 | S26: 1778077513000 | T26: 14.1 | V26: 1778061488006 | W26: 6.2 | Y26: 1779092403000 | Z26: 0.3 | AB26: 1779121104000 | AC26: 25.3 | AE26: 1779122086002 | AF26: 39.4 | AH26: 1779120294000 | AI26: 2.9 | AK26: 1782218858006 | AL26: 21.7 | AN26: 1782221470009 | AO26: 20.2 | AQ26: 1782222197009 | AR26: 35 | AT26: 1782219477000 | AU26: 13.9 | AW26: 1784043439006 | AX26: 47.9 | AZ26: 1784042340006 | BA26: 78.1 | BC26: 1784045313006 | BD26: 51.2 | BF26: 1784037705000 | BG26: 13.7 | BI26: 1784125737003 | BJ26: 62.3 | BL26: 1784125293000 | BM26: 27.4 | BO26: 1784123921006 | BP26: 36.6 | BR26: 1784135454000 | BS26: 49.5
A27: 1778000845002 | B27: 7.1 | D27: 1777998428006 | E27: 14.7 | G27: 1777993489000 | H27: 77.3 | J27: 1777987329000 | K27: 60.5 | M27: 1778082368000 | N27: 29.2 | P27: 1778082438000 | Q27: 48.3 | S27: 1778081070006 | T27: 70.2 | V27: 1778061567000 | W27: 67 | Y27: 1779092879001 | Z27: 15.2 | AB27: 1779121632000 | AC27: 49.6 | AE27: 1779122205006 | AF27: 15.2 | AH27: 1779121482000 | AI27: 2.6 | AK27: 1782220858002 | AL27: 39 | AN27: 1782221869001 | AO27: 71.6 | AQ27: 1782223118000 | AR27: 17.4 | AT27: 1782220401000 | AU27: 33.5 | AW27: 1784045948000 | AX27: 41.9 | AZ27: 1784043260003 | BA27: 0.2 | BC27: 1784048081001 | BD27: 77.6 | BF27: 1784037837000 | BG27: 61 | BI27: 1784126135000 | BJ27: 199.4 | BL27: 1784127285007 | BM27: 36.2 | BO27: 1784124450007 | BP27: 17.9 | BR27: 1784136246000 | BS27: 32
A28: 1778002430004 | B28: 6 | D28: 1778000148009 | E28: 0.2 | G28: 1777994017000 | H28: 1.9 | J28: 1777987989000 | K28: 51.8 | M28: 1778082896000 | N28: 68.2 | P28: 1778082716007 | Q28: 110.7 | S28: 1778083309000 | T28: 26.6 | V28: 1778061632002 | W28: 0.3 | Y28: 1779106317007 | Z28: 8 | AB28: 1779122406000 | AC28: 9.2 | AE28: 1779122478005 | AF28: 26 | AH28: 1779121746000 | AI28: 23.2 | AK28: 1782224017007 | AL28: 66.5 | AN28: 1782222399000 | AO28: 90.9 | AQ28: 1782224833009 | AR28: 60.8 | AT28: 1782222117000 | AU28: 31.9 | AW28: 1784046740000 | AX28: 18.9 | AZ28: 1784044319002 | BA28: 24.4 | BC28: 1784048462002 | BD28: 13.5 | BF28: 1784038497000 | BG28: 112.3 | BI28: 1784127859005 | BJ28: 82 | BL28: 1784129927006 | BM28: 1.2 | BO28: 1784125513000 | BP28: 72.3 | BR28: 1784137698000 | BS28: 6.5
... A56: 1778021281002 | B56: 55.6 | D56: 1778018211006 | E56: 53.6 | G56: 1778030314009 | H56: 38.1 | J56: 1778004090000 | K56: 17.9 | M56: 1778104391000 | N56: 20 | P56: 1778102813003 | Q56: 9 | S56: 1778109755006 | T56: 2.1 | V56: 1778088906000 | W56: 61.8 | Y56: 1779136856000 | Z56: 4.4 | AB56: 1779141112002 | AC56: 61.4 | AE56: 1779142355005 | AF56: 55.2 | AH56: 1779147694000 | AI56: 46.9 | AK56: 1782257287003 | AL56: 52.7 | AN56: 1782243648000 | AO56: 121.1 | AQ56: 1782257114007 | AR56: 0 | AT56: 1782252844000 | AU56: 40.4 | AW56: 1784071541000 | AX56: 26.1 | AZ56: 1784068157002 | BA56: 27.4 | BC56: 1784077779008 | BD56: 20.3 | BF56: 1784073245006 | BG56: 0.2 | BI56: 1784148048005 | BJ56: 71.8 | BL56: 1784153205002 | BM56: 132.8 | BO56: 1784152661000 | BP56: 49.7 | BR56: 1784177237009 | BS56: 36.2
A57: 1778023239002 | B57: 32.2 | D57: 1778018366000 | E57: 141.5 | G57: 1778032282004 | H57: 30.1 | J57: 1778006730000 | K57: 54.7 | M57: 1778104977008 | N57: 46.1 | P57: 1778104007005 | Q57: 30.1 | S57: 1778109911000 | T57: 74.4 | V57: 1778089302000 | W57: 36.4 | Y57: 1779139231006 | Z57: 51.7 | AB57: 1779141863008 | AC57: 113.1 | AE57: 1779143709009 | AF57: 15.1 | AH57: 1779147994000 | AI57: 138.4 | AK57: 1782258038002 | AL57: 23.9 | AN57: 1782243912000 | AO57: 63.1 | AQ57: 1782258914006 | AR57: 0 | AT57: 1782253444000 | AU57: 117.1 | AW57: 1784071990004 | AX57: 2.5 | AZ57: 1784068316000 | BA57: 48.3 | BC57: 1784078693006 | BD57: 38.4 | BF57: 1784073245008 | BG57: 0 | BI57: 1784148568000 | BJ57: 66.9 | BL57: 1784153512003 | BM57: 133 | BO57: 1784154461000 | BP57: 62.1
A58: 1778023832003 | B58: 79.4 | D58: 1778019265004 | E58: 0 | G58: 1778033088000 | H58: 63.4 | J58: 1778007258000 | K58: 20.7 | M58: 1778105284003 | N58: 35.1 | P58: 1778104165008 | Q58: 36.6 | S58: 1778110511000 | T58: 64.9 | V58: 1778090754000 | W58: 3.8 | Y58: 1779141031000 | Z58: 23.4 | AB58: 1779142309001 | AC58: 25.2 | AE58: 1779144161000 | AF58: 52.3 | AH58: 1779148144000 | AI58: 67.5 | AK58: 1782259234002 | AL58: 46.9 | AN58: 1782244836000 | AO58: 50.8 | AQ58: 1782259055004 | AR58: 24.2 | AT58: 1782254044000 | AU58: 34.3 | AW58: 1784072891000 | AX58: 78.9 | AZ58: 1784069959001 | BA58: 13.6 | BC58: 1784083068000 | BD58: 53.5 | BF58: 1784074144000 | BG58: 123.1 | BI58: 1784149521002 | BJ58: 36.5 | BL58: 1784153655002 | BM58: 63.5 | BO58: 1784155661000 | BP58: 24.3
A59: 1778024591000 | B59: 50.5 | D59: 1778019415002 | E59: 99.1 | G59: 1778036255001 | H59: 57.3 | J59: 1778007918000 | K59: 13.8 | M59: 1778106482007 | N59: 0 | P59: 1778105206003 | Q59: 70.5 | S59: 1778110661000 | T59: 95 | V59: 1778091414001 | W59: 0 | Y59: 1779141341000 | Z59: 76.9 | AB59: 1779142466000 | AC59: 19.9 | AE59: 1779144808009 | AF59: 18.8 | AH59: 1779148594000 | AI59: 14.9 | AK59: 1782259689005 | AL59: 54 | AN59: 1782244962009 | AO59: 35.5 | AQ59: 1782262209007 | AR59: 0.5 | AT59: 1782254498008 | AU59: 0.2 | AW59: 1784074985009 | AX59: 9.1 | AZ59: 1784070416000 | BA59: 70.1 | BC59: 1784083322009 | BD59: 68.8 | BF59: 1784074599002 | BG59: 0.2 | BI59: 1784149981001 | BJ59: 8.2 | BL59: 1784155756006 | BM59: 14 | BO59: 1784156259009 | BP59: 71.3
A60: 1778025337007 | B60: 63.8 | D60: 1778020311000 | E60: 20.7 | G60: 1778036645004 | H60: 112.5 | J60: 1778009502000 | K60: 5 | M60: 1778106632006 | N60: 119.4 | P60: 1778105659007 | Q60: 73.2 | S60: 1778111861000 | T60: 90.5 | V60: 1778092602000 | W60: 54.2 | Y60: 1779141488000 | Z60: 0 | AB60: 1779143213001 | AC60: 53.4 | AE60: 1779145062005 | AF60: 44.5 | AH60: 1779148744000 | AI60: 110.6 | AK60: 1782259838005 | AL60: 1.4 | AN60: 1782245100001 | AO60: 0 | AQ60: 1782264439000 | AR60: 53.4 | AT60: 1782256444000 | AU60: 9.1 | AW60: 1784075885000 | AX60: 5.5 | AZ60: 1784070858009 | BA60: 38.5 | BC60: 1784083464000 | BD60: 21.8 | BF60: 1784075494000 | BG60: 116.7 | BI60: 1784150738006 | BJ60: 46.9 | BL60: 1784157407007 | BM60: 80 | BO60: 1784156560006 | BP60: 21.8
A61: 1778025788007 | B61: 43.6 | D61: 1778020910009 | E61: 4.6 | G61: 1778038230005 | H61: 28.2 | J61: 1778010294000 | K61: 21 | M61: 1778106924009 | N61: 50.2 | P61: 1778105966000 | Q61: 24.5 | S61: 1778115011000 | T61: 11.3 | V61: 1778093922001 | W61: 0 | Y61: 1779142682005 | Z61: 57.2 | AB61: 1779145021003 | AC61: 75.4 | AE61: 1779145511000 | AF61: 86.8 | AH61: 1779149194009 | AI61: 0.2 | AK61: 1782261031008 | AL61: 40.2 | AN61: 1782246683006 | AO61: 21.7 | AQ61: 1782265104000 | AR61: 64 | AT61: 1782257344000 | AU61: 89.7 | AW61: 1784076477004 | AX61: 59 | AZ61: 1784074156000 | BA61: 61.7 | BC61: 1784086867006 | BD61: 41.3 | BF61: 1784075794000 | BG61: 25.8 | BI61: 1784152377005 | BJ61: 72.8 | BL61: 1784157559003 | BM61: 35.7 | BO61: 1784158964004 | BP61: 0
A62: 1778026230008 | B62: 54.4 | D62: 1778021066000 | E62: 72.4 | G62: 1778039791001 | H62: 66.4 | J62: 1778010690000 | K62: 84 | M62: 1778107688007 | N62: 53.3 | P62: 1778106116000 | Q62: 111.9 | S62: 1778115461000 | T62: 76.2 | V62: 1778095638000 | W62: 22.4 | Y62: 1779143579007 | Z62: 36.9 | AB62: 1779145460008 | AC62: 49.3 | AE62: 1779145661000 | AF62: 42.5 | AH62: 1779149496002 | AI62: 0.2 | AK62: 1782261332008 | AL62: 50.3 | AN62: 1782247080004 | AO62: 0.2 | AQ62: 1782265620006 | AR62: 16.2 | AT62: 1782258244000 | AU62: 2.2 | AW62: 1784077361000 | AX62: 67.9 | AZ62: 1784074460000 | BA62: 0 | BC62: 1784087004006 | BD62: 14.5 | BF62: 1784076994000 | BG62: 128.9 | BI62: 1784152522007 | BJ62: 31.6 | BL62: 1784157711003 | BM62: 3.2 | BO62: 1784159410005 | BP62: 76.3
A63: 1778027429004 | B63: 92 | D63: 1778021364004 | E63: 133.7 | G63: 1778044241007 | H63: 57.3 | J63: 1778011218000 | K63: 1.7 | M63: 1778107987002 | N63: 123.9 | P63: 1778106563007 | Q63: 75.6 | S63: 1778115792000 | T63: 56.7 | V63: 1778096562000 | W63: 79.7 | Y63: 1779144188006 | Z63: 16.2 | AB63: 1779145915002 | AC63: 118.5 | AE63: 1779146411000 | AF63: 87.2 | AH63: 1779150694000 | AI63: 0.5 | AK63: 1782262382002 | AL63: 234 | AN63: 1782247476000 | AO63: 49.2 | AQ63: 1782266552005 | AR63: 85.4 | AT63: 1782258994000 | AU63: 84.4 | AW63: 1784078935000 | AX63: 46.5 | AZ63: 1784074757005 | BA63: 122.1 | BC63: 1784091454004 | BD63: 34 | BF63: 1784077146008 | BG63: 0.2 | BI63: 1784152680009 | BJ63: 1.4 | BL63: 1784158305002 | BM63: 43.1 | BO63: 1784160011000 | BP63: 6.1
A64: 1778027607005 | B64: 0 | D64: 1778021516000 | E64: 96.4 | G64: 1778045259001 | H64: 0 | J64: 1778012538000 | K64: 67.8 | M64: 1778108738005 | N64: 11 | P64: 1778106710007 | Q64: 43.9 | S64: 1778116188000 | T64: 9.9 | V64: 1778100522000 | W64: 66.7 | Y64: 1779147191000 | Z64: 26.2 | AB64: 1779146066000 | AC64: 60.1 | AE64: 1779147011000 | AF64: 64.7 | AH64: 1779151444000 | AI64: 56.2 | AK64: 1782263885005 | AL64: 41.9 | AN64: 1782248992006 | AO64: 27.5 | AQ64: 1782271835004 | AR64: 2.1 | AT64: 1782259144001 | AU64: 0 | AW64: 1784079076004 | AX64: 59.8 | AZ64: 1784077307008 | BA64: 0.2 | BF64: 1784077566000 | BG64: 40 | BI64: 1784154941000 | BJ64: 60.7 | BL64: 1784159239008 | BM64: 51 | BO64: 1784160149002 | BP64: 36.1
A65: 1778027717001 | B65: 103.9 | D65: 1778021816000 | E65: 43.7 | J65: 1778012802000 | K65: 95.4 | M65: 1778109786000 | N65: 55.5 | P65: 1778107616000 | Q65: 8.2 | S65: 1778116848000 | T65: 34.7 | V65: 1778100786000 | W65: 102.7 | Y65: 1779147338008 | Z65: 50.7 | AB65: 1779147411009 | AC65: 41.9 | AE65: 1779147161000 | AF65: 33.7 | AH65: 1779152045005 | AI65: 0.2 | AK65: 1782264278000 | AL65: 10.5 | AN65: 1782249714008 | AO65: 76.5 | AQ65: 1782272748009 | AR65: 14.8 | AT65: 1782261394000 | AU65: 121.2 | AW65: 1784079476000 | AX65: 86.8 | AZ65: 1784077583000 | BA65: 97.5 | BF65: 1784078226000 | BG65: 26.9 | BI65: 1784156587003 | BJ65: 114.8 | BL65: 1784159966000 | BM65: 10.2 | BO65: 1784160761001 | BP65: 0
A66: 1778027884009 | B66: 51.7 | D66: 1778023760001 | E66: 0.2 | J66: 1778012934000 | K66: 102 | M66: 1778110391000 | N66: 36.1 | P66: 1778108366000 | Q66: 52.2 | S66: 1778118032006 | T66: 0.3 | V66: 1778102194000 | W66: 111.9 | Y66: 1779147788009 | Z66: 49 | AB66: 1779147865004 | AC66: 16 | AE66: 1779147611000 | AF66: 35.5 | AH66: 1779154482003 | AI66: 0 | AK66: 1782264545000 | AL66: 14.9 | AN66: 1782249866000 | AO66: 9 | AQ66: 1782273125002 | AR66: 17 | AT66: 1782262297001 | AU66: 0.2 | AW66: 1784079872000 | AX66: 111.3 | AZ66: 1784081262000 | BA66: 59.2 | BF66: 1784079810000 | BG66: 100.3 | BI66: 1784157191000 | BJ66: 53.1 | BL66: 1784160257004 | BM66: 12 | BO66: 1784161061000 | BP66: 54
A67: 1778028485003 | B67: 41 | D67: 1778025712001 | E67: 13.1 | J67: 1778013066000 | K67: 24.5 | M67: 1778110689000 | N67: 10.1 | P67: 1778109859006 | Q67: 126.6 | S67: 1778119355005 | T67: 63.3 | V67: 1778104144000 | W67: 89.1 | Y67: 1779150790000 | Z67: 91.7 | AB67: 1779150256008 | AC67: 119.9 | AE67: 1779151360003 | AF67: 3.4 | AH67: 1779154746000 | AI67: 0 | AK67: 1782265335000 | AL67: 0 | AN67: 1782250014003 | AO67: 32.3 | AQ67: 1782274173008 | AR67: 16.3 | AT67: 1782262444000 | AU67: 48.2 | AW67: 1784081852000 | AX67: 25.8 | AZ67: 1784082468000 | BA67: 72.8 | BF67: 1784081790000 | BG67: 124.4 | BI67: 1784157484003 | BJ67: 121.2 | BL67: 1784161312001 | BM67: 117.1 | BO67: 1784161211000 | BP67: 23.5
A68: 1778029760000 | B68: 8.5 | D68: 1778026908004 | E68: 48.6 | J68: 1778013462000 | K68: 20 | M68: 1778111441000 | N68: 127.8 | P68: 1778109862002 | Q68: 0 | S68: 1778120148000 | T68: 14.2 | V68: 1778104294000 | W68: 37.5 | Y68: 1779151536000 | Z68: 15 | AB68: 1779151314007 | AC68: 0.2 | AE68: 1779151661000 | AF68: 1 | AH68: 1779156066000 | AI68: 98.8 | AK68: 1782266000000 | AL68: 81.2 | AN68: 1782250457008 | AO68: 0 | AQ68: 1782279636009 | AR68: 21.1 | AT68: 1782262744000 | AU68: 65.6 | AW68: 1784083301008 | AX68: 11.7 | AZ68: 1784083519008 | BA68: 24.8 | BF68: 1784083242000 | BG68: 17.9 | BI68: 1784157632009 | BJ68: 113.5 | BL68: 1784164904001 | BM68: 72.1 | BO68: 1784161647001 | BP68: 67.8
A69: 1778030024000 | B69: 24.3 | D69: 1778027656000 | E69: 54.5 | J69: 1778014518000 | K69: 101.5 | M69: 1778111884007 | N69: 54.8 | P69: 1778110015008 | Q69: 0.2 | S69: 1778120671001 | T69: 49.1 | V69: 1778105794000 | W69: 66.7 | Y69: 1779151682000 | Z69: 15 | AB69: 1779151461007 | AC69: 101.4 | AE69: 1779152592000 | AF69: 50.1 | AH69: 1779157386000 | AI69: 97.2 | AK69: 1782266393002 | AL69: 39.4 | AN69: 1782250763004 | AO69: 46.3 | AT69: 1782264222000 | AU69: 24.8 | AW69: 1784083436000 | AX69: 45.3 | AZ69: 1784085895008 | BA69: 63 | BF69: 1784083506000 | BG69: 68.2 | BI69: 1784157793005 | BJ69: 0 | BL69: 1784165699009 | BM69: 91.2 | BO69: 1784163311000 | BP69: 19.7
A70: 1778030680002 | B70: 39.5 | D70: 1778029450005 | E70: 122.6 | J70: 1778014917002 | K70: 91.9 | M70: 1778113083001 | N70: 31.5 | P70: 1778110311009 | Q70: 15.4 | S70: 1778121333000 | T70: 5.3 | V70: 1778106394000 | W70: 25.4 | Y70: 1779154672005 | Z70: 0 | AB70: 1779151608005 | AC70: 17.2 | AE70: 1779153648000 | AF70: 36.2 | AH70: 1779159366000 | AI70: 123.4 | AK70: 1782266924000 | AL70: 7.1 | AN70: 1782251658005 | AO70: 9.3 | AT70: 1782265410000 | AU70: 6.6 | AW70: 1784084198008 | AX70: 30.7 | AZ70: 1784088413006 | BA70: 33.3 | BF70: 1784086278000 | BG70: 24.8 | BI70: 1784157941000 | BJ70: 74 | BL70: 1784165946001 | BM70: 68.6 | BO70: 1784164590007 | BP70: 0
A71: 1778030802004 | B71: 21.8 | D71: 1778030639000 | E71: 79 | J71: 1778015344000 | K71: 125.8 | M71: 1778113240000 | N71: 54.1 | P71: 1778110463002 | Q71: 36.2 | S71: 1778121468000 | T71: 29.5 | V71: 1778106844000 | W71: 19.4 | Y71: 1779155996000 | Z71: 69.1 | AB71: 1779153574000 | AC71: 31.3 | AE71: 1779154041007 | AF71: 10.4 | AH71: 1779162270000 | AI71: 74.2 | AK71: 1782267046004 | AL71: 0 | AN71: 1782251962008 | AO71: 11.8 | AT71: 1782266466000 | AU71: 127.9 | AW71: 1784084888000 | AX71: 42.9 | AZ71: 1784093995002 | BA71: 13.3 | BF71: 1784091597005 | BG71: 25.3 | BI71: 1784158376006 | BJ71: 47.4 | BL71: 1784167543008 | BM71: 63.3 | BO71: 1784167092000 | BP71: 15.8
A72: 1778032664000 | B72: 68.1 | D72: 1778032217006 | E72: 90.5 | J72: 1778019544003 | K72: 0 | M72: 1778113391000 | N72: 8.4 | P72: 1778110916000 | Q72: 29.3 | S72: 1778121732000 | T72: 73.2 | V72: 1778108944000 | W72: 89.3 | Y72: 1779157052000 | Z72: 48.7 | AB72: 1779155685008 | AC72: 66.4 | AE72: 1779154175009 | AF72: 6.1 | AH72: 1779163318004 | AI72: 0.1 | AK72: 1782267847003 | AL72: 40.5 | AN72: 1782253017002 | AO72: 0.2 | AT72: 1782266598000 | AU72: 41.9 | AW72: 1784085403004 | AX72: 0 | BI72: 1784160041000 | BJ72: 90.1 | BL72: 1784167680002 | BM72: 0.2 | BO72: 1784167619008 | BP72: 58.5
A73: 1778032793001 | B73: 78.5 | D73: 1778032484009 | E73: 103 | J73: 1778019844000 | K73: 65.1 | M73: 1778114441000 | N73: 79.5 | P73: 1778111966000 | Q73: 124.4 | S73: 1778123448000 | T73: 84.3 | V73: 1778109244000 | W73: 59 | Y73: 1779157712000 | Z73: 54.6 | AB73: 1779156084000 | AC73: 47.6 | AE73: 1779155479003 | AF73: 40.1 | AH73: 1779166541000 | AI73: 16.2 | AK73: 1782270734006 | AL73: 60.9 | AN73: 1782253017004 | AO73: 0 | AT73: 1782268314000 | AU73: 16.9 | AW73: 1784085548000 | AX73: 111.3 | BI73: 1784164952000 | BJ73: 44.3 | BL73: 1784168732005 | BM73: 15.6 | BO73: 1784168280000 | BP73: 32.5
A74: 1778032938009 | B74: 0 | D74: 1778033808000 | E74: 97.7 | J74: 1778020594000 | K74: 81.7 | M74: 1778114885001 | N74: 0 | P74: 1778112113009 | Q74: 64.1 | S74: 1778124228003 | T74: 60.4 | V74: 1778111194000 | W74: 21.2 | Y74: 1779157851009 | Z74: 0 | AB74: 1779157135000 | AC74: 62.7 | AE74: 1779156145006 | AF74: 25.4 | AH74: 1779167669006 | AI74: 3.1 | AK74: 1782271811004 | AL74: 0 | AN74: 1782253460006 | AO74: 46.5 | AT74: 1782269502000 | AU74: 49.7 | AW74: 1784086467007 | AX74: 0 | BI74: 1784167454005 | BJ74: 33 | BL74: 1784171376000 | BM74: 68.8 | BO74: 1784170255002 | BP74: 10.6
A75: 1778033324000 | B75: 46.6 | D75: 1778035524000 | E75: 8.3 | J75: 1778021944000 | K75: 1.6 | M75: 1778115332001 | N75: 11.7 | P75: 1778112257000 | Q75: 46.2 | S75: 1778125683000 | T75: 14.8 | V75: 1778112094000 | W75: 9.5 | Y75: 1779158504000 | Z75: 74.8 | AB75: 1779157536000 | AC75: 59.5 | AE75: 1779158268000 | AF75: 35 | AK75: 1782271937002 | AL75: 108.4 | AN75: 1782253612004 | AO75: 82.1 | AT75: 1782271614000 | AU75: 79.7 | AW75: 1784086848006 | AX75: 12.7 | BI75: 1784168252000 | BJ75: 38.8 | BL75: 1784171505008 | BM75: 56.5 | BO75: 1784170774001 | BP75: 22.8
A76: 1778034113004 | B76: 7.6 | D76: 1778035920000 | E76: 67.7 | J76: 1778022544000 | K76: 71.3 | M76: 1778115491000 | N76: 30 | P76: 1778112860008 | Q76: 14.8 | S76: 1778128017007 | T76: 41 | V76: 1778112544000 | W76: 57.6 | Y76: 1779158759000 | Z76: 11.2 | AB76: 1779158064000 | AC76: 44.5 | AE76: 1779158380004 | AF76: 6 | AK76: 1782272864000 | AL76: 8.6 | AN76: 1782254494000 | AO76: 41.7 | AT76: 1782273594000 | AU76: 22.1 | BI76: 1784168384000 | BJ76: 63 | BL76: 1784171901002 | BM76: 49.8 | BO76: 1784171179007 | BP76: 64.7
A77: 1778038071007 | B77: 12.8 | D77: 1778036184000 | E77: 30 | J77: 1778022844000 | K77: 43.6 | M77: 1778117348000 | N77: 0 | P77: 1778113465009 | Q77: 91.6 | S77: 1778129941001 | T77: 46.9 | V77: 1778112995007 | W77: 0.2 | Y77: 1779159284004 | Z77: 36.7 | AB77: 1779159381007 | AC77: 71.1 | AE77: 1779158921003 | AF77: 68.4 | AK77: 1782273259009 | AL77: 31.9 | AN77: 1782255418009 | AO77: 0.2 | AT77: 1782274130003 | AU77: 32.8 | BI77: 1784169440000 | BJ77: 62.4 | BL77: 1784172426003 | BM77: 52.4 | BO77: 1784174530000 | BP77: 0.3
A78: 1778040069009 | B78: 8.4 | D78: 1778036578003 | E78: 26.7 | J78: 1778023744000 | K78: 54.1 | M78: 1778118008000 | N78: 11.1 | P78: 1778114059006 | Q78: 41.2 | S78: 1778132444005 | T78: 5.1 | V78: 1778114044000 | W78: 33.3 | Y78: 1779160731001 | Z78: 0.2 | AB78: 1779159780000 | AC78: 55.1 | AE78: 1779159702009 | AF78: 63.3 | AK78: 1782274074004 | AL78: 33.1 | AN78: 1782255706004 | AO78: 35.3 | AT78: 1782275155003 | AU78: 41.1 | BI78: 1784170092006 | BJ78: 28.5 | BL78: 1784173088009 | BM78: 58.3 | BO78: 1784176702000 | BP78: 0.3
A79: 1778040486004 | B79: 0.3 | D79: 1778036973007 | E79: 47.9 | J79: 1778024083002 | K79: 2.8 | M79: 1778118286005 | N79: 0 | P79: 1778114810000 | Q79: 0 | S79: 1778133354008 | T79: 4.2 | V79: 1778114194000 | W79: 126.6 | Y79: 1779160731005 | Z79: 0 | AB79: 1779159894000 | AC79: 66.1 | AE79: 1779162470006 | AF79: 60.6 | AK79: 1782275622009 | AL79: 0.3 | AN79: 1782255863003 | AO79: 16.2 | AT79: 1782276099008 | AU79: 67.7 | BI79: 1784170232000 | BJ79: 77.5 | BL79: 1784173602000 | BM79: 101 | BO79: 1784177453006 | BP79: 71.3
A80: 1778040486006 | B80: 0 | D80: 1778037638007 | E80: 0.2 | J80: 1778024216008 | K80: 3.7 | M80: 1778118668000 | N80: 69.6 | P80: 1778115565004 | Q80: 18.8 | V80: 1778114794000 | W80: 95.9 | Y80: 1779162176002 | Z80: 26.5 | AB80: 1779160040007 | AC80: 40.4 | AE80: 1779162610005 | AF80: 18.4 | AN80: 1782257361007 | AO80: 31.4 | AT80: 1782278412006 | AU80: 0.7 | BI80: 1784171156000 | BJ80: 0 | BL80: 1784173749007 | BM80: 6.7 | BO80: 1784178100000 | BP80: 0.3
A81: 1778040925003 | B81: 16.7 | D81: 1778038291005 | E81: 23.5 | J81: 1778024644000 | K81: 96.5 | M81: 1778119196000 | N81: 92.2 | P81: 1778117964000 | Q81: 20 | V81: 1778114946006 | W81: 0.2 | Y81: 1779163105006 | Z81: 58.8 | AB81: 1779162547002 | AC81: 61.2 | AE81: 1779163252009 | AF81: 59.4 | AN81: 1782257507000 | AO81: 4.6 | AT81: 1782279593004 | AU81: 52.2 | BI81: 1784171687009 | BJ81: 0
A82: 1778045859001 | B82: 0.3 | D82: 1778040109003 | E82: 81.1 | J82: 1778024794000 | K82: 50.3 | M82: 1778119328000 | N82: 82.2 | P82: 1778118888000 | Q82: 15.3 | V82: 1778116230000 | W82: 16.4 | Y82: 1779164521005 | Z82: 0 | AB82: 1779163211006 | AC82: 21 | AE82: 1779164420005 | AF82: 20.5 | AN82: 1782258556009 | AO82: 2.6 | BI82: 1784172344006 | BJ82: 0
J83: 1778027196005 | K83: 0.2 | M83: 1778120388005 | N83: 0 | P83: 1778119150009 | Q83: 42.7 | V83: 1778116758000 | W83: 48.9 | Y83: 1779164639005 | Z83: 20.1 | AB83: 1779164234006 | AC83: 44.4 | AE83: 1779164509003 | AF83: 0.3 | AN83: 1782259005002 | AO83: 69.5 | BI83: 1784172472008 | BJ83: 108.1
J84: 1778027494000 | K84: 130.9 | M84: 1778121704000 | N84: 34.6 | P84: 1778119284000 | Q84: 47.8 | V84: 1778118474000 | W84: 106.5 | Y84: 1779167633000 | Z84: 24.3 | AB84: 1779164583000 | AC84: 0 | AE84: 1779165700000 | AF84: 3.7 | AN84: 1782259914003 | AO84: 113.6 | BI84: 1784172997002 | BJ84: 95.4
J85: 1778028844000 | K85: 48.7 | M85: 1778123156000 | N85: 19.6 | P85: 1778119944000 | Q85: 24.2 | V85: 1778118870003 | W85: 0 | AB85: 1779167682003 | AC85: 68.8 | AE85: 1779166656006 | AF85: 0.3 | AN85: 1782262166000 | AO85: 12.1 | BI85: 1784173136000 | BJ85: 24.1
J86: 1778032602000 | K86: 14.1 | M86: 1778123552000 | N86: 36.5 | P86: 1778120736000 | Q86: 121.6 | V86: 1778119398000 | W86: 81.3 | AE86: 1779166806009 | AF86: 0.3 | AN86: 1782262466000 | AO86: 103.5 | BI86: 1784174175000 | BJ86: 65.6
J87: 1778033790000 | K87: 29.1 | M87: 1778124080000 | N87: 111.2 | P87: 1778122056000 | Q87: 78.7 | V87: 1778120982000 | W87: 42.9 | AE87: 1779168063002 | AF87: 0.3 | AN87: 1782262960004 | AO87: 159.2 | BI87: 1784174322004 | BJ87: 0
J88: 1778035110000 | K88: 69.9 | M88: 1778126053006 | N88: 0 | P88: 1778122318009 | Q88: 69.6 | V88: 1778121378000 | W88: 60.9 | AE88: 1779168063003 | AF88: 0 | AN88: 1782263185009 | AO88: 5.3 | BI88: 1784176387003 | BJ88: 0
J89: 1778036166000 | K89: 13.4 | M89: 1778126183007 | N89: 20.5 | P89: 1778122980000 | Q89: 31.2 | V89: 1778121510000 | W89: 19.1 | AN89: 1782263579009 | AO89: 0.2 | BI89: 1784176709005 | BJ89: 39.8
J90: 1778036694000 | K90: 42.5 | M90: 1778129953007 | N90: 25 | P90: 1778123376000 | Q90: 45 | V90: 1778124414000 | W90: 74.1 | AN90: 1782263844000 | AO90: 27.7
J91: 1778037618000 | K91: 41.8 | P91: 1778123640000 | Q91: 8.7 | V91: 1778125866000 | W91: 84.4 | AN91: 1782264636000 | AO91: 32.1
J92: 1778037750000 | K92: 28.6 | P92: 1778124033006 | Q92: 42 | V92: 1778126262000 | W92: 56 | AN92: 1782264895009 | AO92: 27.6
J93: 1778038278000 | K93: 79.2 | P93: 1778125087002 | Q93: 0.2 | V93: 1778126840008 | W93: 10 | AN93: 1782265031002 | AO93: 57
J94: 1778039994000 | K94: 32.5 | P94: 1778125488000 | Q94: 37.5 | V94: 1778129897006 | W94: 51.2 | AN94: 1782265820002 | AO94: 0
J95: 1778040428001 | K95: 73.4 | P95: 1778126012005 | Q95: 0 | AN95: 1782266219000 | AO95: 109.3
J96: 1778042189006 | K96: 0 | P96: 1778128229009 | Q96: 68.5 | AN96: 1782266352000 | AO96: 24.8
J97: 1778045215005 | K97: 12.5 | P97: 1778130486009 | Q97: 5.6 | AN97: 1782269520000 | AO97: 33
P98: 1778131062008 | Q98: 47.4 | AN98: 1782270162000 | AO98: 26.1
P99: 1778132206002 | Q99: 29 | AN99: 1782271231002 | AO99: 40.1
AN100: 1782271365008 | AO100: 31.3
AN101: 1782272819007 | AO101: 51.8
AN102: 1782273198000 | AO102: 73
AN103: 1782273479009 | AO103: 29
AN104: 1782274436002 | AO104: 9.6

Sheet Wait Time
A1: Before Data Day 1 | Y1: Before Data Day 2 | AW1: Before Data Day 3 | BU1: After Data Day 1 | CS1: After Data Day 2 | DQ1: After Data Day 3
A2: Performance Measures - ATSPM | Y2: Performance Measures - ATSPM | AW2: Performance Measures - ATSPM | BU2: Performance Measures - ATSPM | CS2: Performance Measures - ATSPM | DQ2: Performance Measures - ATSPM
A3: Wait Time | Y3: Wait Time | AW3: Wait Time | BU3: Wait Time | CS3: Wait Time | DQ3: Wait Time
A4: 6311 - State Street @ Center Street | Y4: 6311 - State Street @ Center Street | AW4: 6311 - State Street @ Center Street | BU4: 6311 - State Street @ Center Street | CS4: 6311 - State Street @ Center Street | DQ4: 6311 - State Street @ Center Street
A5: May 5 at 00.00 to May 6 at 00.00 | Y5: May 6 at 00.00 to May 7 at 00.00 | AW5: May 18 at 00.00 to May 19 at 00.00 | BU5: June 23 at 00.00 to June 24 at 00.00 | CS5: July 14 at 00.00 to July 15 at 00.00 | DQ5: July 15 at 00.00 to July 16 at 00.00
A7: Wait Time Summary | Y7: Wait Time Summary | AW7: Wait Time Summary | BU7: Wait Time Summary | CS7: Wait Time Summary | DQ7: Wait Time Summary
A8: Intersection Avg Wait Time | C8: =AVERAGE(B:B,E:E,H:H,K:K,,N:N,Q:Q,T:T,W:W) -> 61.390597 | D8: Sec/Veh | Y8: Intersection Avg Wait Time | AA8: =AVERAGE(Z:Z,AC:AC,AF:AF,AI:AI,AL:AL,AO:AO,AR:AR,AU:AU) -> 62.540081 | AB8: Sec/Veh | AW8: Intersection Avg Wait Time | AY8: =AVERAGE(AX:AX,BA:BA,BD:BD,BG:BG,BJ:BJ,BM:BM,BP:BP,BS:BS) -> 62.391349 | AZ8: Sec/Veh | BU8: Intersection Avg Wait Time | BW8: =AVERAGE(BV:BV,BY:BY,CB:CB,CE:CE,CH:CH,CK:CK,CN:CN,CQ:CQ) -> 60.821689 | BX8: Sec/Veh | CS8: Intersection Avg Wait Time | CU8: =AVERAGE(CT:CT,CW:CW,CZ:CZ,DC:DC,DF:DF,DI:DI,DL:DL,DO:DO) -> 60.462834 | CV8: Sec/Veh | DQ8: Intersection Avg Wait Time | DS8: =AVERAGE(DR:DR,DU:DU,DX:DX,EA:EA,ED:ED,EG:EG,EJ:EJ,EM:EM) -> 61.392081 | DT8: Sec/Veh
A9: SBL Ph1 | C9: =AVERAGE(B:B) -> 69.080568 | D9: Sec/Veh | Y9: SBL Ph1 | AA9: =AVERAGE(Z:Z) -> 70.691648 | AB9: Sec/Veh | AW9: SBL Ph1 | AY9: =AVERAGE(AX:AX) -> 75.883647 | AZ9: Sec/Veh | BU9: SBL Ph1 | BW9: =AVERAGE(BV:BV) -> 69.796292 | BX9: Sec/Veh | CS9: SBL Ph1 | CU9: =AVERAGE(CT:CT) -> 67.655714 | CV9: Sec/Veh | DQ9: SBL Ph1 | DS9: =AVERAGE(DR:DR) -> 66.243118 | DT9: Sec/Veh
A10: NBT Ph2 | C10: =AVERAGE(E:E) -> 49.439565 | D10: Sec/Veh | Y10: NBT Ph2 | AA10: =AVERAGE(AC:AC) -> 51.169688 | AB10: Sec/Veh | AW10: NBT Ph2 | AY10: =AVERAGE(BA:BA) -> 49.344778 | AZ10: Sec/Veh | BU10: NBT Ph2 | BW10: =AVERAGE(BY:BY) -> 49.681413 | BX10: Sec/Veh | CS10: NBT Ph2 | CU10: =AVERAGE(CW:CW) -> 50.891333 | CV10: Sec/Veh | DQ10: NBT Ph2 | DS10: =AVERAGE(DU:DU) -> 51.719121 | DT10: Sec/Veh
A11: WBL Ph3 | C11: =AVERAGE(H:H) -> 65.586744 | D11: Sec/Veh | Y11: WBL Ph3 | AA11: =AVERAGE(AF:AF) -> 65.161687 | AB11: Sec/Veh | AW11: WBL Ph3 | AY11: =AVERAGE(BD:BD) -> 60.652875 | AZ11: Sec/Veh | BU11: WBL Ph3 | BW11: =AVERAGE(CB:CB) -> 60.36 | BX11: Sec/Veh | CS11: WBL Ph3 | CU11: =AVERAGE(CZ:CZ) -> 64.997529 | CV11: Sec/Veh | DQ11: WBL Ph3 | DS11: =AVERAGE(DX:DX) -> 68.039647 | DT11: Sec/Veh
A12: EBT Ph4 | C12: =AVERAGE(K:K) -> 53.478421 | D12: Sec/Veh | Y12: EBT Ph4 | AA12: =AVERAGE(AI:AI) -> 52.914574 | AB12: Sec/Veh | AW12: EBT Ph4 | AY12: =AVERAGE(BG:BG) -> 54.167935 | AZ12: Sec/Veh | BU12: EBT Ph4 | BW12: =AVERAGE(CE:CE) -> 50.739783 | BX12: Sec/Veh | CS12: EBT Ph4 | CU12: =AVERAGE(DC:DC) -> 53.870526 | CV12: Sec/Veh | DQ12: EBT Ph4 | DS12: =AVERAGE(EA:EA) -> 50.963437 | DT12: Sec/Veh
A13: NBL Ph5 | C13: =AVERAGE(N:N) -> 71.480208 | D13: Sec/Veh | Y13: NBL Ph5 | AA13: =AVERAGE(AL:AL) -> 72.980833 | AB13: Sec/Veh | AW13: NBL Ph5 | AY13: =AVERAGE(BJ:BJ) -> 72.983763 | AZ13: Sec/Veh | BU13: NBL Ph5 | BW13: =AVERAGE(CH:CH) -> 71.727128 | BX13: Sec/Veh | CS13: NBL Ph5 | CU13: =AVERAGE(DF:DF) -> 70.783646 | CV13: Sec/Veh | DQ13: NBL Ph5 | DS13: =AVERAGE(ED:ED) -> 72.873053 | DT13: Sec/Veh
A14: SBT Ph6 | C14: =AVERAGE(Q:Q) -> 56.549158 | D14: Sec/Veh | Y14: SBT Ph6 | AA14: =AVERAGE(AO:AO) -> 56.353333 | AB14: Sec/Veh | AW14: SBT Ph6 | AY14: =AVERAGE(BM:BM) -> 56.605263 | AZ14: Sec/Veh | BU14: SBT Ph6 | BW14: =AVERAGE(CK:CK) -> 57.418632 | BX14: Sec/Veh | CS14: SBT Ph6 | CU14: =AVERAGE(DI:DI) -> 56.771895 | CV14: Sec/Veh | DQ14: SBT Ph6 | DS14: =AVERAGE(EG:EG) -> 59.309479 | DT14: Sec/Veh
A15: EBL Ph7 | C15: =AVERAGE(T:T) -> 63.62011 | D15: Sec/Veh | Y15: EBL Ph7 | AA15: =AVERAGE(AR:AR) -> 68.269239 | AB15: Sec/Veh | AW15: EBL Ph7 | AY15: =AVERAGE(BP:BP) -> 66.607802 | AZ15: Sec/Veh | BU15: EBL Ph7 | BW15: =AVERAGE(CN:CN) -> 64.789785 | BX15: Sec/Veh | CS15: EBL Ph7 | CU15: =AVERAGE(DL:DL) -> 56.470625 | CV15: Sec/Veh | DQ15: EBL Ph7 | DS15: =AVERAGE(EJ:EJ) -> 59.440745 | DT15: Sec/Veh
A16: WBT PH8 | C16: =AVERAGE(W:W) -> 63.147634 | D16: Sec/Veh | Y16: WBT PH8 | AA16: =AVERAGE(AU:AU) -> 63.619894 | AB16: Sec/Veh | AW16: WBT PH8 | AY16: =AVERAGE(BS:BS) -> 63.508172 | AZ16: Sec/Veh | BU16: WBT PH8 | BW16: =AVERAGE(CQ:CQ) -> 62.139462 | BX16: Sec/Veh | CS16: WBT PH8 | CU16: =AVERAGE(DO:DO) -> 62.514409 | CV16: Sec/Veh | DQ16: WBT PH8 | DS16: =AVERAGE(EM:EM) -> 63.053789 | DT16: Sec/Veh
A18: Direction | Y18: Direction | AW18: Direction | BU18: Direction | CS18: Direction | DQ18: Direction
A19: SBL Ph1 | D19: NBT Ph2 | G19: WBL Ph3 | J19: EBT Ph4 | M19: NBL Ph5 | P19: SBT Ph6 | S19: EBL Ph7 | V19: WBT PH8 | Y19: SBL Ph1 | AB19: NBT Ph2 | AE19: WBL Ph3 | AH19: EBT Ph4 | AK19: NBL Ph5 | AN19: SBT Ph6 | AQ19: EBL Ph7 | AT19: WBT PH8 | AW19: SBL Ph1 | AZ19: NBT Ph2 | BC19: WBL Ph3 | BF19: EBT Ph4 | BI19: NBL Ph5 | BL19: SBT Ph6 | BO19: EBL Ph7 | BR19: WBT PH8 | BU19: SBL Ph1 | BX19: NBT Ph2 | CA19: WBL Ph3 | CD19: EBT Ph4 | CG19: NBL Ph5 | CJ19: SBT Ph6 | CM19: EBL Ph7 | CP19: WBT PH8 | CS19: SBL Ph1 | CV19: NBT Ph2 | CY19: WBL Ph3 | DB19: EBT Ph4 | DE19: NBL Ph5 | DH19: SBT Ph6 | DK19: EBL Ph7 | DN19: WBT PH8 | DQ19: SBL Ph1 | DT19: NBT Ph2 | DW19: WBL Ph3 | DZ19: EBT Ph4 | EC19: NBL Ph5 | EF19: SBT Ph6 | EI19: EBL Ph7 | EL19: WBT PH8
A20: Average Wait | D20: Average Wait | G20: Average Wait | J20: Average Wait | M20: Average Wait | P20: Average Wait | S20: Average Wait | V20: Average Wait | Y20: Average Wait | AB20: Average Wait | AE20: Average Wait | AH20: Average Wait | AK20: Average Wait | AN20: Average Wait | AQ20: Average Wait | AT20: Average Wait | AW20: Average Wait | AZ20: Average Wait | BC20: Average Wait | BF20: Average Wait | BI20: Average Wait | BL20: Average Wait | BO20: Average Wait | BR20: Average Wait | BU20: Average Wait | BX20: Average Wait | CA20: Average Wait | CD20: Average Wait | CG20: Average Wait | CJ20: Average Wait | CM20: Average Wait | CP20: Average Wait | CS20: Average Wait | CV20: Average Wait | CY20: Average Wait | DB20: Average Wait | DE20: Average Wait | DH20: Average Wait | DK20: Average Wait | DN20: Average Wait | DQ20: Average Wait | DT20: Average Wait | DW20: Average Wait | DZ20: Average Wait | EC20: Average Wait | EF20: Average Wait | EI20: Average Wait | EL20: Average Wait
A21: 1777961700000 | B21: 6.1 | D21: 1777961700000 | E21: 4.85 | G21: 1777961700000 | H21: 36.1 | J21: 1777961700000 | K21: 17.7 | M21: 1777961700000 | N21: 36.6 | P21: 1777961700000 | Q21: 7.5 | S21: 1777961700000 | T21: 17.4 | V21: 1777961700000 | W21: 17.23 | Y21: 1778048100000 | Z21: 24.23 | AB21: 1778048100000 | AC21: 5.28 | AE21: 1778048100000 | AF21: 25.95 | AH21: 1778048100000 | AI21: 13.21 | AK21: 1778048100000 | AL21: 21.58 | AN21: 1778048100000 | AO21: 12.33 | AQ21: 1778048100000 | AR21: 38.9 | AT21: 1778048100000 | AU21: 12.67 | AW21: 1779084900000 | AX21: 6.1 | AZ21: 1779084900000 | BA21: 7.94 | BC21: 1779086700000 | BD21: 19.7 | BF21: 1779084900000 | BG21: 21.51 | BI21: 1779084900000 | BJ21: 23.14 | BL21: 1779084900000 | BM21: 11.45 | BO21: 1779084900000 | BP21: 40 | BR21: 1779084900000 | BS21: 19.13 | BU21: 1782195300000 | BV21: 39.72 | BX21: 1782195300000 | BY21: 10.75 | CA21: 1782195300000 | CB21: 33.3 | CD21: 1782195300000 | CE21: 16.53 | CG21: 1782195300000 | CH21: 31.63 | CJ21: 1782195300000 | CK21: 16.8 | CM21: 1782195300000 | CN21: 33.17 | CP21: 1782195300000 | CQ21: 33.3 | CS21: 1784009700000 | CT21: 16.5 | CV21: 1784009700000 | CW21: 22.19 | CY21: 1784009700000 | CZ21: 20.4 | DB21: 1784009700000 | DC21: 18.57 | DE21: 1784009700000 | DF21: 25.79 | DH21: 1784009700000 | DI21: 12.74 | DK21: 1784009700000 | DL21: 18.68 | DN21: 1784009700000 | DO21: 29.27 | DQ21: 1784096100000 | DR21: 17.15 | DT21: 1784096100000 | DU21: 12.05 | DW21: 1784096100000 | DX21: 28 | DZ21: 1784096100000 | EA21: 12.72 | EC21: 1784096100000 | ED21: 13.12 | EF21: 1784096100000 | EG21: 10.32 | EI21: 1784096100000 | EJ21: 10.55 | EL21: 1784096100000 | EM21: 26.98
A22: 1777963500000 | B22: 40.5 | D22: 1777962600000 | E22: 8.36 | G22: 1777962600000 | H22: 27.35 | J22: 1777962600000 | K22: 5.65 | M22: 1777962600000 | N22: 17.71 | P22: 1777962600000 | Q22: 4.26 | S22: 1777962600000 | T22: 36.77 | V22: 1777962600000 | W22: 23.45 | Y22: 1778049000000 | Z22: 6.1 | AB22: 1778049000000 | AC22: 6.75 | AE22: 1778049000000 | AF22: 34.3 | AH22: 1778049000000 | AI22: 11.74 | AK22: 1778049000000 | AL22: 18.71 | AN22: 1778049000000 | AO22: 10.87 | AQ22: 1778049000000 | AR22: 21.4 | AT22: 1778049000000 | AU22: 8.64 | AW22: 1779087600000 | AX22: 16.5 | AZ22: 1779085800000 | BA22: 2.99 | BC22: 1779087600000 | BD22: 28.6 | BF22: 1779085800000 | BG22: 11.87 | BI22: 1779085800000 | BJ22: 20.67 | BL22: 1779085800000 | BM22: 5.44 | BO22: 1779085800000 | BP22: 8.77 | BR22: 1779085800000 | BS22: 13.35 | BU22: 1782196200000 | BV22: 6.35 | BX22: 1782196200000 | BY22: 14.13 | CA22: 1782196200000 | CB22: 14.6 | CD22: 1782196200000 | CE22: 20.63 | CG22: 1782196200000 | CH22: 22.27 | CJ22: 1782196200000 | CK22: 5.8 | CM22: 1782196200000 | CN22: 11.34 | CP22: 1782196200000 | CQ22: 15.66 | CS22: 1784010600000 | CT22: 8.4 | CV22: 1784010600000 | CW22: 10.21 | CY22: 1784010600000 | CZ22: 51.2 | DB22: 1784010600000 | DC22: 18.2 | DE22: 1784010600000 | DF22: 19.87 | DH22: 1784010600000 | DI22: 9.27 | DK22: 1784010600000 | DL22: 35.08 | DN22: 1784010600000 | DO22: 21.4 | DQ22: 1784097000000 | DR22: 35.75 | DT22: 1784097000000 | DU22: 15.55 | DW22: 1784097000000 | DX22: 42.53 | DZ22: 1784097000000 | EA22: 18.43 | EC22: 1784097000000 | ED22: 20.07 | EF22: 1784097000000 | EG22: 14.58 | EI22: 1784097000000 | EJ22: 27.42 | EL22: 1784097000000 | EM22: 16.32
A23: 1777964400000 | B23: 11.25 | D23: 1777963500000 | E23: 2.9 | G23: 1777965300000 | H23: 23.3 | J23: 1777963500000 | K23: 8.27 | M23: 1777963500000 | N23: 12.3 | P23: 1777963500000 | Q23: 8.03 | S23: 1777963500000 | T23: 15.38 | V23: 1777963500000 | W23: 18.07 | Y23: 1778049900000 | Z23: 8.95 | AB23: 1778049900000 | AC23: 9.28 | AE23: 1778049900000 | AF23: 32.1 | AH23: 1778049900000 | AI23: 17.77 | AK23: 1778049900000 | AL23: 25.6 | AN23: 1778049900000 | AO23: 4.27 | AQ23: 1778049900000 | AR23: 45.95 | AT23: 1778049900000 | AU23: 23.47 | AW23: 1779088500000 | AX23: 22.8 | AZ23: 1779086700000 | BA23: 3.24 | BC23: 1779089400000 | BD23: 28.5 | BF23: 1779086700000 | BG23: 18.64 | BI23: 1779086700000 | BJ23: 15.3 | BL23: 1779086700000 | BM23: 3.16 | BO23: 1779086700000 | BP23: 20.9 | BR23: 1779086700000 | BS23: 13.17 | BU23: 1782197100000 | BV23: 45.47 | BX23: 1782197100000 | BY23: 12.37 | CA23: 1782197100000 | CB23: 47.3 | CD23: 1782197100000 | CE23: 9.39 | CG23: 1782197100000 | CH23: 16.6 | CJ23: 1782197100000 | CK23: 3.64 | CM23: 1782197100000 | CN23: 15.4 | CP23: 1782197100000 | CQ23: 15.51 | CS23: 1784011500000 | CT23: 9.45 | CV23: 1784011500000 | CW23: 3.32 | CY23: 1784011500000 | CZ23: 11.4 | DB23: 1784011500000 | DC23: 15.94 | DE23: 1784011500000 | DF23: 13.74 | DH23: 1784011500000 | DI23: 8.14 | DK23: 1784011500000 | DL23: 15.15 | DN23: 1784011500000 | DO23: 15.72 | DQ23: 1784097900000 | DR23: 12.03 | DT23: 1784097900000 | DU23: 6.55 | DW23: 1784101500000 | DX23: 7.3 | DZ23: 1784097900000 | EA23: 10.69 | EC23: 1784097900000 | ED23: 18.8 | EF23: 1784097900000 | EG23: 16.3 | EI23: 1784097900000 | EJ23: 15.13 | EL23: 1784097900000 | EM23: 12.96
A24: 1777966200000 | B24: 8.6 | D24: 1777964400000 | E24: 4.75 | G24: 1777966200000 | H24: 17.6 | J24: 1777964400000 | K24: 11.87 | M24: 1777964400000 | N24: 15.16 | P24: 1777964400000 | Q24: 1.65 | S24: 1777964400000 | T24: 15.93 | V24: 1777964400000 | W24: 14.58 | Y24: 1778050800000 | Z24: 22.8 | AB24: 1778050800000 | AC24: 14.84 | AE24: 1778055300000 | AF24: 10.5 | AH24: 1778050800000 | AI24: 20.72 | AK24: 1778050800000 | AL24: 22.71 | AN24: 1778050800000 | AO24: 5.64 | AQ24: 1778050800000 | AR24: 20.1 | AT24: 1778050800000 | AU24: 14.2 | AW24: 1779089400000 | AX24: 6.1 | AZ24: 1779087600000 | BA24: 3.47 | BC24: 1779094800000 | BD24: 7.5 | BF24: 1779087600000 | BG24: 11.32 | BI24: 1779087600000 | BJ24: 14.08 | BL24: 1779087600000 | BM24: 4.24 | BO24: 1779087600000 | BP24: 18.65 | BR24: 1779087600000 | BS24: 17 | BU24: 1782198000000 | BV24: 8.45 | BX24: 1782198000000 | BY24: 4.62 | CA24: 1782198900000 | CB24: 26.2 | CD24: 1782198000000 | CE24: 7.72 | CG24: 1782198000000 | CH24: 15.47 | CJ24: 1782198000000 | CK24: 3.02 | CM24: 1782198000000 | CN24: 13.5 | CP24: 1782198000000 | CQ24: 19.97 | CS24: 1784013300000 | CT24: 11.28 | CV24: 1784012400000 | CW24: 4.87 | CY24: 1784012400000 | CZ24: 2 | DB24: 1784012400000 | DC24: 10.76 | DE24: 1784012400000 | DF24: 16.42 | DH24: 1784012400000 | DI24: 11.63 | DK24: 1784012400000 | DL24: 20.27 | DN24: 1784012400000 | DO24: 21.02 | DQ24: 1784098800000 | DR24: 15.75 | DT24: 1784098800000 | DU24: 11.43 | DW24: 1784102400000 | DX24: 6.1 | DZ24: 1784098800000 | EA24: 12 | EC24: 1784098800000 | ED24: 25.57 | EF24: 1784098800000 | EG24: 16.2 | EI24: 1784098800000 | EJ24: 30.6 | EL24: 1784098800000 | EM24: 16
A25: 1777967100000 | B25: 7.3 | D25: 1777965300000 | E25: 6.7 | G25: 1777969800000 | H25: 6.95 | J25: 1777965300000 | K25: 20.46 | M25: 1777965300000 | N25: 14.49 | P25: 1777965300000 | Q25: 4.5 | S25: 1777965300000 | T25: 19.57 | V25: 1777965300000 | W25: 10.35 | Y25: 1778052600000 | Z25: 7.9 | AB25: 1778051700000 | AC25: 7.18 | AE25: 1778056200000 | AF25: 6.1 | AH25: 1778051700000 | AI25: 13.32 | AK25: 1778051700000 | AL25: 26.3 | AN25: 1778051700000 | AO25: 10.04 | AQ25: 1778051700000 | AR25: 17 | AT25: 1778051700000 | AU25: 22.53 | AW25: 1779091200000 | AX25: 6.2 | AZ25: 1779088500000 | BA25: 1.52 | BC25: 1779098400000 | BD25: 34.8 | BF25: 1779088500000 | BG25: 28.03 | BI25: 1779088500000 | BJ25: 7.81 | BL25: 1779088500000 | BM25: 1.86 | BO25: 1779088500000 | BP25: 40.9 | BR25: 1779088500000 | BS25: 10.1 | BU25: 1782199800000 | BV25: 6.1 | BX25: 1782198900000 | BY25: 4.1 | CA25: 1782199800000 | CB25: 18.7 | CD25: 1782198900000 | CE25: 9.5 | CG25: 1782198900000 | CH25: 18.58 | CJ25: 1782198900000 | CK25: 7.17 | CM25: 1782198900000 | CN25: 17.1 | CP25: 1782198900000 | CQ25: 18.7 | CS25: 1784014200000 | CT25: 10.4 | CV25: 1784013300000 | CW25: 11.44 | CY25: 1784013300000 | CZ25: 12.2 | DB25: 1784013300000 | DC25: 17.53 | DE25: 1784013300000 | DF25: 7.93 | DH25: 1784013300000 | DI25: 4.03 | DK25: 1784013300000 | DL25: 12.63 | DN25: 1784013300000 | DO25: 23.3 | DQ25: 1784099700000 | DR25: 19.9 | DT25: 1784099700000 | DU25: 8.18 | DW25: 1784105100000 | DX25: 6.1 | DZ25: 1784099700000 | EA25: 13.48 | EC25: 1784099700000 | ED25: 16.14 | EF25: 1784099700000 | EG25: 11.44 | EI25: 1784099700000 | EJ25: 10.9 | EL25: 1784099700000 | EM25: 11.73
A26: 1777968000000 | B26: 6.1 | D26: 1777966200000 | E26: 10.38 | G26: 1777971600000 | H26: 12.6 | J26: 1777966200000 | K26: 9.6 | M26: 1777966200000 | N26: 27.8 | P26: 1777966200000 | Q26: 6.69 | S26: 1777967100000 | T26: 58.3 | V26: 1777966200000 | W26: 9.4 | Y26: 1778053500000 | Z26: 6.77 | AB26: 1778052600000 | AC26: 4.98 | AE26: 1778062500000 | AF26: 13.7 | AH26: 1778052600000 | AI26: 5.92 | AK26: 1778052600000 | AL26: 8.34 | AN26: 1778052600000 | AO26: 3.69 | AQ26: 1778052600000 | AR26: 26.45 | AT26: 1778052600000 | AU26: 12.73 | AW26: 1779092100000 | AX26: 14.5 | AZ26: 1779089400000 | BA26: 1.94 | BC26: 1779100200000 | BD26: 6.55 | BF26: 1779089400000 | BG26: 9.2 | BI26: 1779089400000 | BJ26: 19.81 | BL26: 1779089400000 | BM26: 4.47 | BO26: 1779089400000 | BP26: 14.13 | BR26: 1779089400000 | BS26: 19.23 | BU26: 1782200700000 | BV26: 31.55 | BX26: 1782199800000 | BY26: 8.86 | CA26: 1782200700000 | CB26: 42.3 | CD26: 1782199800000 | CE26: 17.04 | CG26: 1782199800000 | CH26: 12.6 | CJ26: 1782199800000 | CK26: 8.12 | CM26: 1782199800000 | CN26: 36.5 | CP26: 1782199800000 | CQ26: 34.7 | CS26: 1784016900000 | CT26: 1.7 | CV26: 1784014200000 | CW26: 8.28 | CY26: 1784014200000 | CZ26: 6.1 | DB26: 1784014200000 | DC26: 18.93 | DE26: 1784014200000 | DF26: 14.02 | DH26: 1784014200000 | DI26: 10.8 | DK26: 1784014200000 | DL26: 8.5 | DN26: 1784014200000 | DO26: 8.03 | DQ26: 1784100600000 | DR26: 8.2 | DT26: 1784101500000 | DU26: 4.05 | DW26: 1784106000000 | DX26: 4.4 | DZ26: 1784100600000 | EA26: 11.74 | EC26: 1784100600000 | ED26: 15.26 | EF26: 1784100600000 | EG26: 4.93 | EI26: 1784101500000 | EJ26: 23.38 | EL26: 1784100600000 | EM26: 8.1
A27: 1777968900000 | B27: 4.5 | D27: 1777967100000 | E27: 6.4 | G27: 1777972500000 | H27: 6.1 | J27: 1777967100000 | K27: 8.2 | M27: 1777967100000 | N27: 20.9 | P27: 1777967100000 | Q27: 2.83 | S27: 1777968900000 | T27: 28.3 | V27: 1777967100000 | W27: 15.66 | Y27: 1778054400000 | Z27: 3.9 | AB27: 1778053500000 | AC27: 1.42 | AE27: 1778064300000 | AF27: 32.1 | AH27: 1778053500000 | AI27: 16.32 | AK27: 1778053500000 | AL27: 16.32 | AN27: 1778053500000 | AO27: 4.99 | AQ27: 1778053500000 | AR27: 12.9 | AT27: 1778053500000 | AU27: 19.43 | AW27: 1779093900000 | AX27: 6.65 | AZ27: 1779090300000 | BA27: 3.3 | BC27: 1779102900000 | BD27: 49.4 | BF27: 1779090300000 | BG27: 21.6 | BI27: 1779090300000 | BJ27: 23.8 | BL27: 1779090300000 | BM27: 2.11 | BO27: 1779090300000 | BP27: 19.67 | BR27: 1779090300000 | BS27: 22 | BU27: 1782201600000 | BV27: 6.1 | BX27: 1782200700000 | BY27: 9.87 | CA27: 1782201600000 | CB27: 6.1 | CD27: 1782200700000 | CE27: 17.65 | CG27: 1782200700000 | CH27: 26.64 | CJ27: 1782200700000 | CK27: 6.18 | CM27: 1782200700000 | CN27: 35.6 | CP27: 1782200700000 | CQ27: 13.96 | CS27: 1784017800000 | CT27: 3 | CV27: 1784016000000 | CW27: 6.9 | CY27: 1784015100000 | CZ27: 28.3 | DB27: 1784015100000 | DC27: 10.98 | DE27: 1784015100000 | DF27: 24.65 | DH27: 1784015100000 | DI27: 3.17 | DK27: 1784015100000 | DL27: 12.7 | DN27: 1784015100000 | DO27: 5.9 | DQ27: 1784101500000 | DR27: 22.83 | DT27: 1784102400000 | DU27: 10.1 | DW27: 1784108700000 | DX27: 27.5 | DZ27: 1784101500000 | EA27: 9.44 | EC27: 1784101500000 | ED27: 18.66 | EF27: 1784101500000 | EG27: 1.75 | EI27: 1784102400000 | EJ27: 16.93 | EL27: 1784101500000 | EM27: 19.9
A28: 1777970700000 | B28: 6.1 | D28: 1777968000000 | E28: 7.15 | G28: 1777974300000 | H28: 27.5 | J28: 1777968000000 | K28: 6.55 | M28: 1777968000000 | N28: 5.9 | P28: 1777968000000 | Q28: 4.85 | S28: 1777969800000 | T28: 14.23 | V28: 1777968000000 | W28: 6.2 | Y28: 1778055300000 | Z28: 6.1 | AB28: 1778054400000 | AC28: 4.37 | AE28: 1778066100000 | AF28: 19.6 | AH28: 1778054400000 | AI28: 12.7 | AK28: 1778054400000 | AL28: 10.5 | AN28: 1778054400000 | AO28: 1.91 | AQ28: 1778054400000 | AR28: 9.52 | AT28: 1778054400000 | AU28: 18.8 | AW28: 1779094800000 | AX28: 6.1 | AZ28: 1779091200000 | BA28: 4.36 | BC28: 1779103800000 | BD28: 36.7 | BF28: 1779091200000 | BG28: 11.25 | BI28: 1779091200000 | BJ28: 6.4 | BL28: 1779091200000 | BM28: 6.8 | BO28: 1779091200000 | BP28: 8.2 | BR28: 1779091200000 | BS28: 16.05 | BU28: 1782203400000 | BV28: 8.9 | BX28: 1782201600000 | BY28: 1.3 | CA28: 1782203400000 | CB28: 6.1 | CD28: 1782201600000 | CE28: 9.6 | CG28: 1782201600000 | CH28: 6.7 | CJ28: 1782201600000 | CK28: 0.6 | CM28: 1782201600000 | CN28: 6.5 | CP28: 1782201600000 | CQ28: 10.2 | CS28: 1784018700000 | CT28: 1.6 | CV28: 1784019600000 | CW28: 1.1 | CY28: 1784018700000 | CZ28: 6.1 | DB28: 1784016000000 | DC28: 6.1 | DE28: 1784016000000 | DF28: 6.17 | DH28: 1784016000000 | DI28: 1.9 | DK28: 1784016000000 | DL28: 5.4 | DN28: 1784016000000 | DO28: 10.03 | DQ28: 1784104200000 | DR28: 7.57 | DT28: 1784103300000 | DU28: 5.2 | DW28: 1784109600000 | DX28: 6.3 | DZ28: 1784102400000 | EA28: 16.4 | EC28: 1784102400000 | ED28: 14.87 | EF28: 1784102400000 | EG28: 4.4 | EI28: 1784103300000 | EJ28: 19.7 | EL28: 1784102400000 | EM28: 20.94
A29: 1777972500000 | B29: 7.1 | D29: 1777968900000 | E29: 5.6 | G29: 1777976100000 | H29: 22.4 | J29: 1777968900000 | K29: 9.46 | M29: 1777968900000 | N29: 11.2 | P29: 1777968900000 | Q29: 1.08 | S29: 1777971600000 | T29: 6.1 | V29: 1777968900000 | W29: 17.8 | Y29: 1778056200000 | Z29: 6.1 | AB29: 1778055300000 | AC29: 2.33 | AE29: 1778067000000 | AF29: 20.5 | AH29: 1778055300000 | AI29: 18.35 | AK29: 1778055300000 | AL29: 13.25 | AN29: 1778055300000 | AO29: 3.2 | AQ29: 1778055300000 | AR29: 7 | AT29: 1778055300000 | AU29: 10.73 | AW29: 1779099300000 | AX29: 24.4 | AZ29: 1779092100000 | BA29: 0.77 | BC29: 1779104700000 | BD29: 26.5 | BF29: 1779092100000 | BG29: 15.67 | BI29: 1779092100000 | BJ29: 12.2 | BL29: 1779092100000 | BM29: 12.04 | BO29: 1779092100000 | BP29: 12.6 | BR29: 1779092100000 | BS29: 19.1 | BU29: 1782204300000 | BV29: 4.4 | BX29: 1782202500000 | BY29: 5.9 | CA29: 1782205200000 | CB29: 7.3 | CD29: 1782202500000 | CE29: 6.1 | CG29: 1782202500000 | CH29: 12.3 | CJ29: 1782202500000 | CK29: 2.52 | CM29: 1782202500000 | CN29: 7.2 | CP29: 1782202500000 | CQ29: 10.35 | CS29: 1784019600000 | CT29: 6.1 | CV29: 1784020500000 | CW29: 1 | CY29: 1784022300000 | CZ29: 6.3 | DB29: 1784016900000 | DC29: 7 | DE29: 1784016900000 | DF29: 15 | DH29: 1784016900000 | DI29: 2.46 | DK29: 1784016900000 | DL29: 6.73 | DN29: 1784016900000 | DO29: 14.27 | DQ29: 1784105100000 | DR29: 10.95 | DT29: 1784104200000 | DU29: 1.9 | DW29: 1784111400000 | DX29: 35.3 | DZ29: 1784103300000 | EA29: 8.45 | EC29: 1784103300000 | ED29: 14.38 | EF29: 1784103300000 | EG29: 6.28 | EI29: 1784104200000 | EJ29: 9.1 | EL29: 1784103300000 | EM29: 6.1
A30: 1777974300000 | B30: 36.7 | D30: 1777969800000 | E30: 1 | G30: 1777977900000 | H30: 6.5 | J30: 1777969800000 | K30: 13.1 | M30: 1777969800000 | N30: 28.05 | P30: 1777969800000 | Q30: 1.33 | S30: 1777972500000 | T30: 6.1 | V30: 1777970700000 | W30: 12.75 | Y30: 1778058000000 | Z30: 6.1 | AB30: 1778056200000 | AC30: 1.7 | AE30: 1778067900000 | AF30: 37.5 | AH30: 1778056200000 | AI30: 7.9 | AK30: 1778056200000 | AL30: 8.3 | AN30: 1778056200000 | AO30: 1.08 | AQ30: 1778056200000 | AR30: 8.75 | AT30: 1778056200000 | AU30: 7.8 | AW30: 1779100200000 | AX30: 14.8 | AZ30: 1779093000000 | BA30: 0.8 | BC30: 1779106500000 | BD30: 6.7 | BF30: 1779093000000 | BG30: 8.1 | BI30: 1779093000000 | BJ30: 6.1 | BL30: 1779093000000 | BM30: 8.63 | BO30: 1779095700000 | BP30: 38 | BR30: 1779093000000 | BS30: 6.9 | BU30: 1782205200000 | BV30: 4.4 | BX30: 1782203400000 | BY30: 2.72 | CA30: 1782210600000 | CB30: 45.9 | CD30: 1782204300000 | CE30: 11.7 | CG30: 1782203400000 | CH30: 8.65 | CJ30: 1782203400000 | CK30: 1.48 | CM30: 1782203400000 | CN30: 30.57 | CP30: 1782203400000 | CQ30: 7.63 | CS30: 1784020500000 | CT30: 6.1 | CV30: 1784021400000 | CW30: 7.97 | CY30: 1784023200000 | CZ30: 21 | DB30: 1784017800000 | DC30: 5.2 | DE30: 1784017800000 | DF30: 6.1 | DH30: 1784017800000 | DI30: 1.6 | DK30: 1784017800000 | DL30: 21.13 | DN30: 1784017800000 | DO30: 9.16 | DQ30: 1784106900000 | DR30: 6.1 | DT30: 1784105100000 | DU30: 1.9 | DW30: 1784113200000 | DX30: 19.8 | DZ30: 1784104200000 | EA30: 9.13 | EC30: 1784104200000 | ED30: 6.3 | EF30: 1784104200000 | EG30: 0.9 | EI30: 1784105100000 | EJ30: 17.9 | EL30: 1784104200000 | EM30: 34.9
A31: 1777976100000 | B31: 8.5 | D31: 1777970700000 | E31: 2 | G31: 1777978800000 | H31: 19.07 | J31: 1777970700000 | K31: 6.1 | M31: 1777970700000 | N31: 7.07 | P31: 1777970700000 | Q31: 0.7 | S31: 1777973400000 | T31: 7.4 | V31: 1777971600000 | W31: 6.1 | Y31: 1778058900000 | Z31: 6.1 | AB31: 1778057100000 | AC31: 1.4 | AE31: 1778068800000 | AF31: 28.3 | AH31: 1778057100000 | AI31: 15 | AK31: 1778057100000 | AL31: 6.5 | AN31: 1778057100000 | AO31: 3.95 | AQ31: 1778057100000 | AR31: 6.1 | AT31: 1778057100000 | AU31: 8.2 | AW31: 1779102000000 | AX31: 10.3 | AZ31: 1779093900000 | BA31: 1.85 | BC31: 1779107400000 | BD31: 39.55 | BF31: 1779094800000 | BG31: 10.6 | BI31: 1779093900000 | BJ31: 13.45 | BL31: 1779093900000 | BM31: 1.05 | BO31: 1779096600000 | BP31: 19.6 | BR31: 1779093900000 | BS31: 13.9 | BU31: 1782207000000 | BV31: 14.4 | BX31: 1782204300000 | BY31: 8.6 | CA31: 1782211500000 | CB31: 6.1 | CD31: 1782205200000 | CE31: 4.8 | CG31: 1782204300000 | CH31: 6.2 | CJ31: 1782204300000 | CK31: 1.04 | CM31: 1782206100000 | CN31: 13.1 | CP31: 1782204300000 | CQ31: 20.4 | CS31: 1784021400000 | CT31: 22 | CV31: 1784022300000 | CW31: 7.67 | CY31: 1784025900000 | CZ31: 46.15 | DB31: 1784018700000 | DC31: 6.1 | DE31: 1784018700000 | DF31: 6.1 | DH31: 1784018700000 | DI31: 3.73 | DK31: 1784018700000 | DL31: 6.1 | DN31: 1784018700000 | DO31: 9.67 | DQ31: 1784107800000 | DR31: 8.17 | DT31: 1784108700000 | DU31: 9.2 | DW31: 1784115000000 | DX31: 42.37 | DZ31: 1784105100000 | EA31: 9.3 | EC31: 1784105100000 | ED31: 11.53 | EF31: 1784105100000 | EG31: 2.22 | EI31: 1784106900000 | EJ31: 14.7 | EL31: 1784105100000 | EM31: 10.77
A32: 1777977000000 | B32: 18.65 | D32: 1777971600000 | E32: 1.6 | G32: 1777980600000 | H32: 5.95 | J32: 1777971600000 | K32: 8 | M32: 1777971600000 | N32: 8.93 | P32: 1777971600000 | Q32: 3.17 | S32: 1777974300000 | T32: 24.85 | V32: 1777972500000 | W32: 6.5 | Y32: 1778059800000 | Z32: 18.05 | AB32: 1778058000000 | AC32: 0.2 | AE32: 1778069700000 | AF32: 21.8 | AH32: 1778058900000 | AI32: 7 | AK32: 1778058000000 | AL32: 22.1 | AN32: 1778058000000 | AO32: 3.18 | AQ32: 1778058000000 | AR32: 7.77 | AT32: 1778058000000 | AU32: 11.14 | AW32: 1779102900000 | AX32: 11.95 | AZ32: 1779094800000 | BA32: 1.2 | BC32: 1779108300000 | BD32: 48.65 | BF32: 1779095700000 | BG32: 10.9 | BI32: 1779094800000 | BJ32: 17.05 | BL32: 1779094800000 | BM32: 2.15 | BO32: 1779097500000 | BP32: 6.9 | BR32: 1779094800000 | BS32: 8.03 | BU32: 1782209700000 | BV32: 5.7 | BX32: 1782207000000 | BY32: 6.07 | CA32: 1782212400000 | CB32: 26.6 | CD32: 1782206100000 | CE32: 5.27 | CG32: 1782205200000 | CH32: 9.5 | CJ32: 1782205200000 | CK32: 1.02 | CM32: 1782207000000 | CN32: 7.45 | CP32: 1782205200000 | CQ32: 10.65 | CS32: 1784023200000 | CT32: 9.87 | CV32: 1784023200000 | CW32: 13.1 | CY32: 1784028600000 | CZ32: 8.3 | DB32: 1784019600000 | DC32: 17.9 | DE32: 1784019600000 | DF32: 17.67 | DH32: 1784019600000 | DI32: 1.95 | DK32: 1784019600000 | DL32: 6.1 | DN32: 1784019600000 | DO32: 12.43 | DQ32: 1784108700000 | DR32: 6.1 | DT32: 1784109600000 | DU32: 5.7 | DW32: 1784115900000 | DX32: 50.1 | DZ32: 1784106000000 | EA32: 8.02 | EC32: 1784106900000 | ED32: 12.7 | EF32: 1784106000000 | EG32: 1.95 | EI32: 1784107800000 | EJ32: 51.3 | EL32: 1784106000000 | EM32: 8.65
... A100: 1778039100000 | B100: 85.09 | D100: 1778036400000 | E100: 62.43 | G100: 1778041800000 | H100: 43.98 | J100: 1778033700000 | K100: 50.97 | M100: 1778032800000 | N100: 88.32 | P100: 1778033700000 | Q100: 80.4 | S100: 1778037300000 | T100: 63.34 | V100: 1778035500000 | W100: 67.83 | Y100: 1778123700000 | Z100: 77.04 | AB100: 1778119200000 | AC100: 70.94 | AE100: 1778130900000 | AF100: 69.63 | AH100: 1778121000000 | AI100: 52.96 | AK100: 1778119200000 | AL100: 98.3 | AN100: 1778119200000 | AO100: 83.42 | AQ100: 1778122800000 | AR100: 83.46 | AT100: 1778121000000 | AU100: 77.98 | AW100: 1779165000000 | AX100: 50.34 | AZ100: 1779161400000 | BA100: 41.75 | BC100: 1779169500000 | BD100: 12.95 | BF100: 1779159600000 | BG100: 60.16 | BI100: 1779158700000 | BJ100: 88.68 | BL100: 1779156900000 | BM100: 79.38 | BO100: 1779160500000 | BP100: 87.22 | BR100: 1779158700000 | BS100: 81.62 | BU100: 1782272700000 | BV100: 77.49 | BX100: 1782269100000 | BY100: 56.98 | CA100: 1782275400000 | CB100: 56.83 | CD100: 1782270000000 | CE100: 49.54 | CG100: 1782268200000 | CH100: 87.32 | CJ100: 1782267300000 | CK100: 73.86 | CM100: 1782269100000 | CN100: 67.36 | CP100: 1782269100000 | CQ100: 74.95 | CS100: 1784085300000 | CT100: 75.42 | CV100: 1784086200000 | CW100: 56.22 | CY100: 1784090700000 | CZ100: 23.95 | DB100: 1784081700000 | DC100: 63.16 | DE100: 1784080800000 | DF100: 74.28 | DH100: 1784081700000 | DI100: 73.9 | DK100: 1784080800000 | DL100: 84.82 | DN100: 1784083500000 | DO100: 87.87 | DQ100: 1784169900000 | DR100: 88.47 | DT100: 1784171700000 | DU100: 48.45 | DW100: 1784177100000 | DX100: 33 | DZ100: 1784167200000 | EA100: 81.35 | EC100: 1784168100000 | ED100: 100.46 | EF100: 1784167200000 | EG100: 76.6 | EI100: 1784169000000 | EJ100: 64.7 | EL100: 1784168100000 | EM100: 80.33
A101: 1778040000000 | B101: 69.46 | D101: 1778037300000 | E101: 61.8 | G101: 1778042700000 | H101: 60.2 | J101: 1778034600000 | K101: 69.28 | M101: 1778033700000 | N101: 96.35 | P101: 1778034600000 | Q101: 90.25 | S101: 1778038200000 | T101: 59.03 | V101: 1778036400000 | W101: 78.71 | Y101: 1778124600000 | Z101: 59.44 | AB101: 1778120100000 | AC101: 71.88 | AE101: 1778131800000 | AF101: 35.28 | AH101: 1778121900000 | AI101: 52.87 | AK101: 1778120100000 | AL101: 98.04 | AN101: 1778120100000 | AO101: 83.53 | AQ101: 1778123700000 | AR101: 100.17 | AT101: 1778121900000 | AU101: 78.37 | AW101: 1779165900000 | AX101: 35 | AZ101: 1779162300000 | BA101: 42.95 | BF101: 1779160500000 | BG101: 79.14 | BI101: 1779159600000 | BJ101: 97.6 | BL101: 1779157800000 | BM101: 81.07 | BO101: 1779161400000 | BP101: 89.64 | BR101: 1779159600000 | BS101: 96.12 | BU101: 1782273600000 | BV101: 88.06 | BX101: 1782270000000 | BY101: 48.83 | CA101: 1782276300000 | CB101: 46.3 | CD101: 1782270900000 | CE101: 51.64 | CG101: 1782269100000 | CH101: 93.34 | CJ101: 1782268200000 | CK101: 72.2 | CM101: 1782270000000 | CN101: 105.82 | CP101: 1782270000000 | CQ101: 82.33 | CS101: 1784086200000 | CT101: 54.16 | CV101: 1784087100000 | CW101: 37.37 | CY101: 1784091600000 | CZ101: 26.56 | DB101: 1784082600000 | DC101: 66.04 | DE101: 1784081700000 | DF101: 106.93 | DH101: 1784082600000 | DI101: 79.97 | DK101: 1784081700000 | DL101: 52.17 | DN101: 1784084400000 | DO101: 83.78 | DQ101: 1784170800000 | DR101: 57.82 | DT101: 1784172600000 | DU101: 49.68 | DW101: 1784178000000 | DX101: 28.82 | DZ101: 1784168100000 | EA101: 46.37 | EC101: 1784169000000 | ED101: 94.2 | EF101: 1784168100000 | EG101: 85.57 | EI101: 1784169900000 | EJ101: 76.27 | EL101: 1784169000000 | EM101: 77.64
A102: 1778040900000 | B102: 53.94 | D102: 1778038200000 | E102: 63.66 | G102: 1778043600000 | H102: 33.1 | J102: 1778035500000 | K102: 65.28 | M102: 1778034600000 | N102: 97.78 | P102: 1778035500000 | Q102: 80.9 | S102: 1778039100000 | T102: 94.2 | V102: 1778037300000 | W102: 85.62 | Y102: 1778125500000 | Z102: 79.7 | AB102: 1778121000000 | AC102: 65.2 | AE102: 1778132700000 | AF102: 48.45 | AH102: 1778122800000 | AI102: 65.8 | AK102: 1778121000000 | AL102: 93.72 | AN102: 1778121000000 | AO102: 75.19 | AQ102: 1778124600000 | AR102: 75.64 | AT102: 1778122800000 | AU102: 77.97 | AW102: 1779166800000 | AX102: 39.67 | AZ102: 1779163200000 | BA102: 53 | BF102: 1779161400000 | BG102: 69.53 | BI102: 1779160500000 | BJ102: 97.28 | BL102: 1779158700000 | BM102: 84.14 | BO102: 1779162300000 | BP102: 80.37 | BR102: 1779160500000 | BS102: 89.2 | BU102: 1782274500000 | BV102: 60.17 | BX102: 1782271800000 | BY102: 54.45 | CA102: 1782277200000 | CB102: 23.4 | CD102: 1782271800000 | CE102: 51.08 | CG102: 1782270000000 | CH102: 91.78 | CJ102: 1782269100000 | CK102: 69.05 | CM102: 1782270900000 | CN102: 86.87 | CP102: 1782270900000 | CQ102: 82.57 | CS102: 1784087100000 | CT102: 87.56 | CV102: 1784088000000 | CW102: 51.22 | CY102: 1784092500000 | CZ102: 39.45 | DB102: 1784083500000 | DC102: 68.94 | DE102: 1784082600000 | DF102: 98.2 | DH102: 1784083500000 | DI102: 71.67 | DK102: 1784082600000 | DL102: 55.34 | DN102: 1784085300000 | DO102: 93.57 | DQ102: 1784171700000 | DR102: 95.7 | DT102: 1784173500000 | DU102: 67.02 | DW102: 1784178900000 | DX102: 24.5 | DZ102: 1784169000000 | EA102: 36.5 | EC102: 1784169900000 | ED102: 72.37 | EF102: 1784169000000 | EG102: 87.8 | EI102: 1784170800000 | EJ102: 85.53 | EL102: 1784169900000 | EM102: 71.6
A103: 1778041800000 | B103: 32.53 | D103: 1778039100000 | E103: 54.82 | G103: 1778044500000 | H103: 34.95 | J103: 1778036400000 | K103: 65.3 | M103: 1778035500000 | N103: 76.32 | P103: 1778036400000 | Q103: 80.4 | S103: 1778040000000 | T103: 83.87 | V103: 1778038200000 | W103: 90.37 | Y103: 1778126400000 | Z103: 69.73 | AB103: 1778121900000 | AC103: 65.5 | AE103: 1778133600000 | AF103: 7.7 | AH103: 1778123700000 | AI103: 60.67 | AK103: 1778121900000 | AL103: 95.45 | AN103: 1778121900000 | AO103: 84.17 | AQ103: 1778125500000 | AR103: 80.44 | AT103: 1778123700000 | AU103: 71.84 | AW103: 1779167700000 | AX103: 35.75 | AZ103: 1779164100000 | BA103: 44.84 | BF103: 1779162300000 | BG103: 80.9 | BI103: 1779161400000 | BJ103: 91.32 | BL103: 1779159600000 | BM103: 79.93 | BO103: 1779163200000 | BP103: 108.68 | BR103: 1779161400000 | BS103: 90.8 | BU103: 1782275400000 | BV103: 38.58 | BX103: 1782272700000 | BY103: 57.08 | CA103: 1782278100000 | CB103: 40.63 | CD103: 1782272700000 | CE103: 55.15 | CG103: 1782270900000 | CH103: 96.14 | CJ103: 1782270000000 | CK103: 84.6 | CM103: 1782271800000 | CN103: 89.03 | CP103: 1782271800000 | CQ103: 84.16 | CS103: 1784088000000 | CT103: 65.65 | CV103: 1784088900000 | CW103: 41.22 | CY103: 1784093400000 | CZ103: 30.89 | DB103: 1784084400000 | DC103: 65.68 | DE103: 1784083500000 | DF103: 91 | DH103: 1784084400000 | DI103: 64.91 | DK103: 1784083500000 | DL103: 71.66 | DN103: 1784086200000 | DO103: 86.03 | DQ103: 1784172600000 | DR103: 60.97 | DT103: 1784174400000 | DU103: 51.88 | DW103: 1784179800000 | DX103: 23.25 | DZ103: 1784169900000 | EA103: 60.87 | EC103: 1784170800000 | ED103: 103.82 | EF103: 1784169900000 | EG103: 83.94 | EI103: 1784171700000 | EJ103: 87.19 | EL103: 1784170800000 | EM103: 80.95
A104: 1778042700000 | B104: 29.5 | D104: 1778040000000 | E104: 38.96 | G104: 1778045400000 | H104: 32.83 | J104: 1778037300000 | K104: 71.24 | M104: 1778036400000 | N104: 113.9 | P104: 1778037300000 | Q104: 79.3 | S104: 1778040900000 | T104: 49.32 | V104: 1778039100000 | W104: 92.1 | Y104: 1778127300000 | Z104: 42.38 | AB104: 1778122800000 | AC104: 75 | AH104: 1778124600000 | AI104: 79.1 | AK104: 1778122800000 | AL104: 86.53 | AN104: 1778122800000 | AO104: 68.29 | AQ104: 1778126400000 | AR104: 76.03 | AT104: 1778124600000 | AU104: 81.26 | AW104: 1779168600000 | AX104: 37.39 | AZ104: 1779165000000 | BA104: 32.84 | BF104: 1779163200000 | BG104: 65.66 | BI104: 1779162300000 | BJ104: 66.73 | BL104: 1779160500000 | BM104: 72.65 | BO104: 1779164100000 | BP104: 60.03 | BR104: 1779162300000 | BS104: 88.95 | BU104: 1782276300000 | BV104: 46.29 | BX104: 1782273600000 | BY104: 59.5 | CA104: 1782279000000 | CB104: 55.5 | CD104: 1782273600000 | CE104: 60.5 | CG104: 1782271800000 | CH104: 100.32 | CJ104: 1782270900000 | CK104: 66.67 | CM104: 1782272700000 | CN104: 62.4 | CP104: 1782272700000 | CQ104: 75.5 | CS104: 1784088900000 | CT104: 47.38 | CV104: 1784089800000 | CW104: 25.84 | CY104: 1784094300000 | CZ104: 16.54 | DB104: 1784085300000 | DC104: 74.17 | DE104: 1784084400000 | DF104: 88.34 | DH104: 1784085300000 | DI104: 75 | DK104: 1784084400000 | DL104: 67.08 | DN104: 1784087100000 | DO104: 90.58 | DQ104: 1784173500000 | DR104: 81.75 | DT104: 1784175300000 | DU104: 44.95 | DW104: 1784180700000 | DX104: 41.83 | DZ104: 1784170800000 | EA104: 72.34 | EC104: 1784171700000 | ED104: 99.56 | EF104: 1784170800000 | EG104: 77.54 | EI104: 1784172600000 | EJ104: 86.45 | EL104: 1784171700000 | EM104: 89.05
A105: 1778043600000 | B105: 27.95 | D105: 1778040900000 | E105: 53.04 | G105: 1778046300000 | H105: 46.95 | J105: 1778038200000 | K105: 71.63 | M105: 1778037300000 | N105: 75.13 | P105: 1778038200000 | Q105: 83.26 | S105: 1778041800000 | T105: 28.02 | V105: 1778040000000 | W105: 83.1 | Y105: 1778128200000 | Z105: 49.05 | AB105: 1778123700000 | AC105: 66.26 | AH105: 1778125500000 | AI105: 59.54 | AK105: 1778123700000 | AL105: 94.72 | AN105: 1778123700000 | AO105: 83.16 | AQ105: 1778127300000 | AR105: 44.41 | AT105: 1778125500000 | AU105: 90.66 | AW105: 1779169500000 | AX105: 31.43 | AZ105: 1779165900000 | BA105: 22.48 | BF105: 1779164100000 | BG105: 39.43 | BI105: 1779163200000 | BJ105: 68.06 | BL105: 1779161400000 | BM105: 66.65 | BO105: 1779165000000 | BP105: 46.16 | BR105: 1779163200000 | BS105: 88.78 | BU105: 1782277200000 | BV105: 44.38 | BX105: 1782274500000 | BY105: 45.15 | CA105: 1782279900000 | CB105: 17.9 | CD105: 1782274500000 | CE105: 35.54 | CG105: 1782272700000 | CH105: 100.32 | CJ105: 1782271800000 | CK105: 73.76 | CM105: 1782273600000 | CN105: 94.91 | CP105: 1782273600000 | CQ105: 81.72 | CS105: 1784089800000 | CT105: 32.54 | CV105: 1784090700000 | CW105: 25.12 | CY105: 1784095200000 | CZ105: 30.15 | DB105: 1784086200000 | DC105: 62.97 | DE105: 1784085300000 | DF105: 95.05 | DH105: 1784086200000 | DI105: 73.63 | DK105: 1784085300000 | DL105: 74.4 | DN105: 1784088000000 | DO105: 74.99 | DQ105: 1784174400000 | DR105: 50.99 | DT105: 1784176200000 | DU105: 24.35 | DW105: 1784181600000 | DX105: 14.5 | DZ105: 1784171700000 | EA105: 61.79 | EC105: 1784172600000 | ED105: 84.74 | EF105: 1784171700000 | EG105: 71.33 | EI105: 1784173500000 | EJ105: 77.2 | EL105: 1784172600000 | EM105: 76.86
A106: 1778044500000 | B106: 27.63 | D106: 1778041800000 | E106: 33.43 | G106: 1778047200000 | H106: 5 | J106: 1778039100000 | K106: 62.07 | M106: 1778038200000 | N106: 75.13 | P106: 1778039100000 | Q106: 76.04 | S106: 1778042700000 | T106: 51.9 | V106: 1778040900000 | W106: 41.55 | Y106: 1778129100000 | Z106: 28.53 | AB106: 1778124600000 | AC106: 56.77 | AH106: 1778126400000 | AI106: 62.18 | AK106: 1778124600000 | AL106: 98.7 | AN106: 1778124600000 | AO106: 74.1 | AQ106: 1778128200000 | AR106: 45.64 | AT106: 1778126400000 | AU106: 87.4 | AZ106: 1779166800000 | BA106: 17.59 | BF106: 1779165000000 | BG106: 30.41 | BI106: 1779164100000 | BJ106: 56.19 | BL106: 1779162300000 | BM106: 67.17 | BO106: 1779165900000 | BP106: 35.76 | BR106: 1779164100000 | BS106: 43.09 | BU106: 1782278100000 | BV106: 14.2 | BX106: 1782275400000 | BY106: 39.6 | CA106: 1782280800000 | CB106: 36.2 | CD106: 1782275400000 | CE106: 28.27 | CG106: 1782273600000 | CH106: 94.08 | CJ106: 1782272700000 | CK106: 73.16 | CM106: 1782274500000 | CN106: 56.97 | CP106: 1782274500000 | CQ106: 45.09 | CS106: 1784090700000 | CT106: 35.01 | CV106: 1784091600000 | CW106: 28.22 | DB106: 1784087100000 | DC106: 65.61 | DE106: 1784086200000 | DF106: 67.17 | DH106: 1784087100000 | DI106: 70.15 | DK106: 1784086200000 | DL106: 42.7 | DN106: 1784088900000 | DO106: 41.4 | DQ106: 1784175300000 | DR106: 34.27 | DT106: 1784177100000 | DU106: 27.06 | DZ106: 1784172600000 | EA106: 81.52 | EC106: 1784173500000 | ED106: 100.4 | EF106: 1784172600000 | EG106: 73.98 | EI106: 1784174400000 | EJ106: 72.46 | EL106: 1784173500000 | EM106: 87.45
A107: 1778045400000 | B107: 23.4 | D107: 1778042700000 | E107: 18.92 | J107: 1778040000000 | K107: 49.94 | M107: 1778039100000 | N107: 76.22 | P107: 1778040000000 | Q107: 61.48 | S107: 1778043600000 | T107: 35.83 | V107: 1778041800000 | W107: 35.6 | Y107: 1778130000000 | Z107: 24.82 | AB107: 1778125500000 | AC107: 52.3 | AH107: 1778127300000 | AI107: 34.39 | AK107: 1778125500000 | AL107: 79.4 | AN107: 1778125500000 | AO107: 84.77 | AQ107: 1778129100000 | AR107: 42.41 | AT107: 1778127300000 | AU107: 47.74 | AZ107: 1779167700000 | BA107: 19.17 | BF107: 1779165900000 | BG107: 32.45 | BI107: 1779165000000 | BJ107: 39.17 | BL107: 1779163200000 | BM107: 74.7 | BO107: 1779166800000 | BP107: 37.98 | BR107: 1779165000000 | BS107: 45.2 | BU107: 1782279000000 | BV107: 24 | BX107: 1782276300000 | BY107: 31.48 | CD107: 1782276300000 | CE107: 29.85 | CG107: 1782274500000 | CH107: 43.9 | CJ107: 1782273600000 | CK107: 75.2 | CM107: 1782275400000 | CN107: 59.43 | CP107: 1782275400000 | CQ107: 54.23 | CS107: 1784091600000 | CT107: 26 | CV107: 1784092500000 | CW107: 20.44 | DB107: 1784088000000 | DC107: 64.91 | DE107: 1784087100000 | DF107: 79.68 | DH107: 1784088000000 | DI107: 66.12 | DK107: 1784087100000 | DL107: 71.12 | DN107: 1784089800000 | DO107: 37.07 | DQ107: 1784176200000 | DR107: 34.33 | DT107: 1784178000000 | DU107: 26.22 | DZ107: 1784173500000 | EA107: 65.89 | EC107: 1784174400000 | ED107: 62.28 | EF107: 1784173500000 | EG107: 76.9 | EI107: 1784175300000 | EJ107: 44.76 | EL107: 1784174400000 | EM107: 88.52
A108: 1778046300000 | B108: 31.3 | D108: 1778043600000 | E108: 19.31 | J108: 1778040900000 | K108: 24.06 | M108: 1778040000000 | N108: 96 | P108: 1778040900000 | Q108: 55.59 | S108: 1778044500000 | T108: 28.57 | V108: 1778042700000 | W108: 37.52 | Y108: 1778130900000 | Z108: 33.23 | AB108: 1778126400000 | AC108: 55.1 | AH108: 1778128200000 | AI108: 27.16 | AK108: 1778126400000 | AL108: 80.2 | AN108: 1778126400000 | AO108: 76.58 | AQ108: 1778130000000 | AR108: 49.93 | AT108: 1778128200000 | AU108: 30.53 | AZ108: 1779168600000 | BA108: 20.01 | BF108: 1779166800000 | BG108: 28.54 | BI108: 1779165900000 | BJ108: 30.1 | BL108: 1779164100000 | BM108: 43.42 | BO108: 1779167700000 | BP108: 30.44 | BR108: 1779165900000 | BS108: 38.91 | BU108: 1782279900000 | BV108: 43.3 | BX108: 1782277200000 | BY108: 19.41 | CD108: 1782277200000 | CE108: 32.3 | CG108: 1782275400000 | CH108: 29.54 | CJ108: 1782274500000 | CK108: 57.32 | CM108: 1782276300000 | CN108: 50.41 | CP108: 1782276300000 | CQ108: 37.77 | CS108: 1784092500000 | CT108: 39.62 | CV108: 1784093400000 | CW108: 23.59 | DB108: 1784088900000 | DC108: 43.85 | DE108: 1784088000000 | DF108: 86.42 | DH108: 1784088900000 | DI108: 47.27 | DK108: 1784088000000 | DL108: 67.75 | DN108: 1784090700000 | DO108: 30.28 | DQ108: 1784177100000 | DR108: 29.21 | DT108: 1784178900000 | DU108: 20.27 | DZ108: 1784174400000 | EA108: 72.15 | EC108: 1784175300000 | ED108: 60.23 | EF108: 1784174400000 | EG108: 68.22 | EI108: 1784176200000 | EJ108: 30.63 | EL108: 1784175300000 | EM108: 42.13
D109: 1778044500000 | E109: 21.96 | J109: 1778041800000 | K109: 37.05 | M109: 1778040900000 | N109: 65.93 | P109: 1778041800000 | Q109: 34.13 | S109: 1778045400000 | T109: 46.07 | V109: 1778043600000 | W109: 31.24 | Y109: 1778131800000 | Z109: 30.13 | AB109: 1778127300000 | AC109: 37.89 | AH109: 1778129100000 | AI109: 34.92 | AK109: 1778127300000 | AL109: 45.68 | AN109: 1778127300000 | AO109: 41.48 | AQ109: 1778130900000 | AR109: 46.62 | AT109: 1778129100000 | AU109: 39.53 | AZ109: 1779169500000 | BA109: 13.75 | BF109: 1779167700000 | BG109: 28.31 | BI109: 1779166800000 | BJ109: 36.7 | BL109: 1779165000000 | BM109: 32.5 | BO109: 1779168600000 | BP109: 56 | BR109: 1779166800000 | BS109: 29.02 | BU109: 1782280800000 | BV109: 28.32 | BX109: 1782278100000 | BY109: 29.88 | CD109: 1782278100000 | CE109: 28.52 | CG109: 1782276300000 | CH109: 34.36 | CJ109: 1782275400000 | CK109: 46.23 | CM109: 1782277200000 | CN109: 49.08 | CP109: 1782277200000 | CQ109: 23.97 | CS109: 1784093400000 | CT109: 28.92 | CV109: 1784094300000 | CW109: 21.22 | DB109: 1784089800000 | DC109: 33.11 | DE109: 1784088900000 | DF109: 37.73 | DH109: 1784089800000 | DI109: 29.7 | DK109: 1784088900000 | DL109: 41.56 | DN109: 1784091600000 | DO109: 30.58 | DQ109: 1784178000000 | DR109: 47.53 | DT109: 1784179800000 | DU109: 20.58 | DZ109: 1784175300000 | EA109: 37.17 | EC109: 1784176200000 | ED109: 41.99 | EF109: 1784175300000 | EG109: 53.18 | EI109: 1784177100000 | EJ109: 39.64 | EL109: 1784176200000 | EM109: 23.84
D110: 1778045400000 | E110: 20.75 | J110: 1778042700000 | K110: 28.59 | M110: 1778041800000 | N110: 15.51 | P110: 1778042700000 | Q110: 24.43 | S110: 1778046300000 | T110: 35.4 | V110: 1778044500000 | W110: 23.73 | Y110: 1778132700000 | Z110: 44.9 | AB110: 1778128200000 | AC110: 36.14 | AH110: 1778130000000 | AI110: 21.39 | AK110: 1778128200000 | AL110: 42.36 | AN110: 1778128200000 | AO110: 34.15 | AQ110: 1778131800000 | AR110: 35.82 | AT110: 1778130000000 | AU110: 40.63 | AZ110: 1779170400000 | BA110: 3.47 | BF110: 1779168600000 | BG110: 40.96 | BI110: 1779167700000 | BJ110: 24.15 | BL110: 1779165900000 | BM110: 30.38 | BO110: 1779169500000 | BP110: 18.8 | BR110: 1779167700000 | BS110: 29.7 | BX110: 1782279000000 | BY110: 26.11 | CD110: 1782279000000 | CE110: 20.62 | CG110: 1782277200000 | CH110: 34.56 | CJ110: 1782276300000 | CK110: 46.59 | CM110: 1782278100000 | CN110: 37.26 | CP110: 1782278100000 | CQ110: 33.52 | CS110: 1784094300000 | CT110: 24.73 | CV110: 1784095200000 | CW110: 17.91 | DB110: 1784090700000 | DC110: 22.77 | DE110: 1784089800000 | DF110: 35.25 | DH110: 1784090700000 | DI110: 29.32 | DK110: 1784089800000 | DL110: 41.93 | DN110: 1784092500000 | DO110: 29.02 | DQ110: 1784178900000 | DR110: 55 | DT110: 1784180700000 | DU110: 23.15 | DZ110: 1784176200000 | EA110: 22.29 | EC110: 1784177100000 | ED110: 38.9 | EF110: 1784176200000 | EG110: 33.41 | EI110: 1784178000000 | EJ110: 29.7 | EL110: 1784177100000 | EM110: 41.42
D111: 1778046300000 | E111: 13.62 | J111: 1778043600000 | K111: 20.42 | M111: 1778042700000 | N111: 29.64 | P111: 1778043600000 | Q111: 19.77 | S111: 1778047200000 | T111: 31.2 | V111: 1778045400000 | W111: 27.95 | Y111: 1778133600000 | Z111: 105.15 | AB111: 1778129100000 | AC111: 35.02 | AH111: 1778130900000 | AI111: 23.4 | AK111: 1778129100000 | AL111: 37.32 | AN111: 1778129100000 | AO111: 39.86 | AQ111: 1778132700000 | AR111: 57.47 | AT111: 1778130900000 | AU111: 30.29 | BF111: 1779169500000 | BG111: 24.97 | BI111: 1779168600000 | BJ111: 32.38 | BL111: 1779166800000 | BM111: 30.24 | BO111: 1779170400000 | BP111: 18.05 | BR111: 1779168600000 | BS111: 31.97 | BX111: 1782279900000 | BY111: 26.33 | CD111: 1782279900000 | CE111: 32.24 | CG111: 1782278100000 | CH111: 29.71 | CJ111: 1782277200000 | CK111: 30.94 | CM111: 1782279000000 | CN111: 49.3 | CP111: 1782279000000 | CQ111: 24.44 | CS111: 1784095200000 | CT111: 27.93 | DB111: 1784091600000 | DC111: 27.21 | DE111: 1784090700000 | DF111: 29.39 | DH111: 1784091600000 | DI111: 30.56 | DK111: 1784090700000 | DL111: 26.4 | DN111: 1784093400000 | DO111: 30.63 | DQ111: 1784179800000 | DR111: 45.1 | DT111: 1784181600000 | DU111: 10.45 | DZ111: 1784177100000 | EA111: 32.2 | EC111: 1784178000000 | ED111: 36.43 | EF111: 1784177100000 | EG111: 38.09 | EI111: 1784178900000 | EJ111: 20.62 | EL111: 1784178000000 | EM111: 20.49
D112: 1778047200000 | E112: 9.93 | J112: 1778044500000 | K112: 34.94 | M112: 1778043600000 | N112: 18.71 | P112: 1778044500000 | Q112: 29.67 | V112: 1778046300000 | W112: 21.23 | AB112: 1778130000000 | AC112: 27.95 | AH112: 1778131800000 | AI112: 25.89 | AK112: 1778130000000 | AL112: 37.67 | AN112: 1778130000000 | AO112: 35.82 | AQ112: 1778133600000 | AR112: 60.8 | AT112: 1778131800000 | AU112: 30.29 | BF112: 1779170400000 | BG112: 7.2 | BI112: 1779169500000 | BJ112: 33.08 | BL112: 1779167700000 | BM112: 20.5 | BR112: 1779169500000 | BS112: 19.58 | BX112: 1782280800000 | BY112: 17.29 | CD112: 1782280800000 | CE112: 22.45 | CG112: 1782279000000 | CH112: 27.71 | CJ112: 1782278100000 | CK112: 27.18 | CM112: 1782279900000 | CN112: 24.52 | CP112: 1782279900000 | CQ112: 24.95 | DB112: 1784092500000 | DC112: 23.11 | DE112: 1784091600000 | DF112: 34.78 | DH112: 1784092500000 | DI112: 20.72 | DK112: 1784091600000 | DL112: 39.11 | DN112: 1784094300000 | DO112: 23.5 | DQ112: 1784180700000 | DR112: 15.48 | DZ112: 1784178000000 | EA112: 25.96 | EC112: 1784178900000 | ED112: 46.26 | EF112: 1784178000000 | EG112: 30.67 | EI112: 1784179800000 | EJ112: 32.84 | EL112: 1784178900000 | EM112: 29.13
J113: 1778045400000 | K113: 20.63 | M113: 1778044500000 | N113: 27.27 | P113: 1778045400000 | Q113: 19.73 | V113: 1778047200000 | W113: 22.6 | AB113: 1778130900000 | AC113: 21.65 | AH113: 1778132700000 | AI113: 24.78 | AK113: 1778130900000 | AL113: 30.8 | AN113: 1778130900000 | AO113: 22.59 | AT113: 1778132700000 | AU113: 25.96 | BI113: 1779170400000 | BJ113: 13.1 | BL113: 1779168600000 | BM113: 20.63 | BR113: 1779170400000 | BS113: 17.4 | CG113: 1782279900000 | CH113: 28.47 | CJ113: 1782279000000 | CK113: 27.67 | CM113: 1782280800000 | CN113: 21.87 | CP113: 1782280800000 | CQ113: 22.26 | DB113: 1784093400000 | DC113: 23.72 | DE113: 1784092500000 | DF113: 32.55 | DH113: 1784093400000 | DI113: 20.32 | DK113: 1784092500000 | DL113: 26.83 | DN113: 1784095200000 | DO113: 22.8 | DQ113: 1784181600000 | DR113: 29.15 | DZ113: 1784178900000 | EA113: 18.07 | EC113: 1784179800000 | ED113: 39.29 | EF113: 1784178900000 | EG113: 26.44 | EI113: 1784180700000 | EJ113: 26.5 | EL113: 1784179800000 | EM113: 22.5
J114: 1778046300000 | K114: 25.93 | M114: 1778045400000 | N114: 21.75 | P114: 1778046300000 | Q114: 20.4 | AB114: 1778131800000 | AC114: 22.22 | AH114: 1778133600000 | AI114: 28.85 | AK114: 1778131800000 | AL114: 24.57 | AN114: 1778131800000 | AO114: 15.45 | AT114: 1778133600000 | AU114: 32.82 | BL114: 1779169500000 | BM114: 10.78 | CG114: 1782280800000 | CH114: 23.37 | CJ114: 1782279900000 | CK114: 29.81 | DB114: 1784094300000 | DC114: 28.69 | DE114: 1784093400000 | DF114: 26.11 | DH114: 1784094300000 | DI114: 17.91 | DK114: 1784093400000 | DL114: 24.93 | DZ114: 1784179800000 | EA114: 22.39 | EC114: 1784180700000 | ED114: 25.73 | EF114: 1784179800000 | EG114: 28.06 | EI114: 1784181600000 | EJ114: 44.35 | EL114: 1784180700000 | EM114: 26.44
J115: 1778047200000 | K115: 13.73 | M115: 1778046300000 | N115: 26.9 | P115: 1778047200000 | Q115: 9.83 | AB115: 1778132700000 | AC115: 17.67 | AK115: 1778132700000 | AL115: 27.18 | AN115: 1778132700000 | AO115: 15.53 | BL115: 1779170400000 | BM115: 4.2 | CJ115: 1782280800000 | CK115: 8.27 | DB115: 1784095200000 | DC115: 8.49 | DE115: 1784094300000 | DF115: 32.7 | DH115: 1784095200000 | DI115: 13.76 | DK115: 1784094300000 | DL115: 32.98 | DZ115: 1784180700000 | EA115: 19.66 | EC115: 1784181600000 | ED115: 35.22 | EF115: 1784180700000 | EG115: 24.08 | EL115: 1784181600000 | EM115: 18.69
M116: 1778047200000 | N116: 16.16 | AB116: 1778133600000 | AC116: 6.48 | AK116: 1778133600000 | AL116: 38.2 | AN116: 1778133600000 | AO116: 12.71 | DE116: 1784095200000 | DF116: 29.59 | DK116: 1784095200000 | DL116: 26.02 | DZ116: 1784181600000 | EA116: 13.94 | EF116: 1784181600000 | EG116: 17.07

Sheet Wait Time Volumes
A1: Before Data Day 1 | Y1: Before Data Day 2 | AW1: Before Data Day 3 | BU1: After Data Day 1 | CS1: After Data Day 2 | DQ1: After Data Day 3
A2: Performance Measures - ATSPM | Y2: Performance Measures - ATSPM | AW2: Performance Measures - ATSPM | BU2: Performance Measures - ATSPM | CS2: Performance Measures - ATSPM | DQ2: Performance Measures - ATSPM
A3: Wait Time Volumes | Y3: Wait Time Volumes | AW3: Wait Time Volumes | BU3: Wait Time Volumes | CS3: Wait Time Volumes | DQ3: Wait Time Volumes
A4: 6311 - State Street @ Center Street | Y4: 6311 - State Street @ Center Street | AW4: 6311 - State Street @ Center Street | BU4: 6311 - State Street @ Center Street | CS4: 6311 - State Street @ Center Street | DQ4: 6311 - State Street @ Center Street
A5: May 5 at 00.00 to May 6 at 00.00 | Y5: May 6 at 00.00 to May 7 at 00.00 | AW5: May 18 at 00.00 to May 19 at 00.00 | BU5: June 23 at 00.00 to June 24 at 00.00 | CS5: July 14 at 00.00 to July 15 at 00.00 | DQ5: July 15 at 00.00 to July 16 at 00.00
A7: Wait Time Volumes Summary | Y7: Wait Time Volumes Summary | AW7: Wait Time Volumes Summary | BU7: Wait Time Volumes Summary | CS7: Wait Time Volumes Summary | DQ7: Wait Time Volumes Summary
A8: Intersection Total Volume | C8: =SUM(B:B,E:E,H:H,K:K,,N:N,Q:Q,T:T,W:W)/4 -> 115209 | D8: Vehicles/day | Y8: Intersection Total Volume | AA8: =SUM(Z:Z,AC:AC,AF:AF,AI:AI,,AL:AL,AO:AO,AR:AR,AU:AU)/4 -> 121043 | AB8: Vehicles/day | AW8: Intersection Total Volume | AY8: =SUM(AX:AX,BA:BA,BD:BD,BG:BG,,BJ:BJ,BM:BM,BP:BP,BS:BS)/4 -> 120996 | AZ8: Vehicles/day | BU8: Intersection Total Volume | BW8: =SUM(BV:BV,BY:BY,CB:CB,CE:CE,,CH:CH,CK:CK,CN:CN,CQ:CQ)/4 -> 91991 | BX8: Vehicles/day | CS8: Intersection Total Volume | CU8: =SUM(CT:CT,CW:CW,CZ:CZ,DC:DC,,DF:DF,DI:DI,DL:DL,DO:DO)/4 -> 81295 | CV8: Vehicles/day | DQ8: Intersection Total Volume | DS8: =SUM(DR:DR,DU:DU,DX:DX,EA:EA,,ED:ED,EG:EG,EJ:EJ,EM:EM)/4 -> 80312 | DT8: Vehicles/day
A9: SBL Ph1 | C9: =SUM(B:B)/4 -> 3553 | D9: Vehicles/day | Y9: SBL Ph1 | AA9: =SUM(Z:Z)/4 -> 3600 | AB9: Vehicles/day | AW9: SBL Ph1 | AY9: =SUM(AX:AX)/4 -> 2979 | AZ9: Vehicles/day | BU9: SBL Ph1 | BW9: =SUM(BV:BV)/4 -> 3413 | BX9: Vehicles/day | CS9: SBL Ph1 | CU9: =SUM(CT:CT)/4 -> 3512 | CV9: Vehicles/day | DQ9: SBL Ph1 | DS9: =SUM(DR:DR)/4 -> 3469 | DT9: Vehicles/day
A10: NBT Ph2 | C10: =SUM(E:E)/4 -> 42337 | D10: Vehicles/day | Y10: NBT Ph2 | AA10: =SUM(AC:AC)/4 -> 45169 | AB10: Vehicles/day | AW10: NBT Ph2 | AY10: =SUM(BA:BA)/4 -> 44818 | AZ10: Vehicles/day | BU10: NBT Ph2 | BW10: =SUM(BY:BY)/4 -> 32724 | BX10: Vehicles/day | CS10: NBT Ph2 | CU10: =SUM(CW:CW)/4 -> 28452 | CV10: Vehicles/day | DQ10: NBT Ph2 | DS10: =SUM(DU:DU)/4 -> 28092 | DT10: Vehicles/day
A11: WBL Ph3 | C11: =SUM(H:H)/4 -> 1822 | D11: Vehicles/day | Y11: WBL Ph3 | AA11: =SUM(AF:AF)/4 -> 1828 | AB11: Vehicles/day | AW11: WBL Ph3 | AY11: =SUM(BD:BD)/4 -> 1946 | AZ11: Vehicles/day | BU11: WBL Ph3 | BW11: =SUM(CB:CB)/4 -> 1985 | BX11: Vehicles/day | CS11: WBL Ph3 | CU11: =SUM(CZ:CZ)/4 -> 1825 | CV11: Vehicles/day | DQ11: WBL Ph3 | DS11: =SUM(DX:DX)/4 -> 1935 | DT11: Vehicles/day
A12: EBT Ph4 | C12: =SUM(K:K)/4 -> 6878 | D12: Vehicles/day | Y12: EBT Ph4 | AA12: =SUM(AI:AI)/4 -> 6689 | AB12: Vehicles/day | AW12: EBT Ph4 | AY12: =SUM(BG:BG)/4 -> 6594 | AZ12: Vehicles/day | BU12: EBT Ph4 | BW12: =SUM(CE:CE)/4 -> 6751 | BX12: Vehicles/day | CS12: EBT Ph4 | CU12: =SUM(DC:DC)/4 -> 5911 | CV12: Vehicles/day | DQ12: EBT Ph4 | DS12: =SUM(EA:EA)/4 -> 5818 | DT12: Vehicles/day
A13: NBL Ph5 | C13: =SUM(N:N)/4 -> 1383 | D13: Vehicles/day | Y13: NBL Ph5 | AA13: =SUM(AL:AL)/4 -> 1422 | AB13: Vehicles/day | AW13: NBL Ph5 | AY13: =SUM(BJ:BJ)/4 -> 1359 | AZ13: Vehicles/day | BU13: NBL Ph5 | BW13: =SUM(CH:CH)/4 -> 1564 | BX13: Vehicles/day | CS13: NBL Ph5 | CU13: =SUM(DF:DF)/4 -> 1586 | CV13: Vehicles/day | DQ13: NBL Ph5 | DS13: =SUM(ED:ED)/4 -> 1529 | DT13: Vehicles/day
A14: SBT Ph6 | C14: =SUM(Q:Q)/4 -> 52883 | D14: Vehicles/day | Y14: SBT Ph6 | AA14: =SUM(AO:AO)/4 -> 55980 | AB14: Vehicles/day | AW14: SBT Ph6 | AY14: =SUM(BM:BM)/4 -> 57226 | AZ14: Vehicles/day | BU14: SBT Ph6 | BW14: =SUM(CK:CK)/4 -> 38958 | BX14: Vehicles/day | CS14: SBT Ph6 | CU14: =SUM(DI:DI)/4 -> 32758 | CV14: Vehicles/day | DQ14: SBT Ph6 | DS14: =SUM(EG:EG)/4 -> 32077 | DT14: Vehicles/day
A15: EBL Ph7 | C15: =SUM(T:T)/4 -> 2837 | D15: Vehicles/day | Y15: EBL Ph7 | AA15: =SUM(AR:AR)/4 -> 2585 | AB15: Vehicles/day | AW15: EBL Ph7 | AY15: =SUM(BP:BP)/4 -> 2550 | AZ15: Vehicles/day | BU15: EBL Ph7 | BW15: =SUM(CN:CN)/4 -> 2678 | BX15: Vehicles/day | CS15: EBL Ph7 | CU15: =SUM(DL:DL)/4 -> 3402 | CV15: Vehicles/day | DQ15: EBL Ph7 | DS15: =SUM(EJ:EJ)/4 -> 3498 | DT15: Vehicles/day
A16: WBT PH8 | C16: =SUM(W:W)/4 -> 3516 | D16: Vehicles/day | Y16: WBT PH8 | AA16: =SUM(AU:AU)/4 -> 3770 | AB16: Vehicles/day | AW16: WBT PH8 | AY16: =SUM(BS:BS)/4 -> 3524 | AZ16: Vehicles/day | BU16: WBT PH8 | BW16: =SUM(CQ:CQ)/4 -> 3918 | BX16: Vehicles/day | CS16: WBT PH8 | CU16: =SUM(DO:DO)/4 -> 3849 | CV16: Vehicles/day | DQ16: WBT PH8 | DS16: =SUM(EM:EM)/4 -> 3894 | DT16: Vehicles/day
A18: Direction | Y18: Direction | AW18: Direction | BU18: Direction | CS18: Direction | DQ18: Direction
A19: SBL Ph1 | D19: NBT Ph2 | G19: WBL Ph3 | J19: EBT Ph4 | M19: NBL Ph5 | P19: SBT Ph6 | S19: EBL Ph7 | V19: WBT PH8 | Y19: SBL Ph1 | AB19: NBT Ph2 | AE19: WBL Ph3 | AH19: EBT Ph4 | AK19: NBL Ph5 | AN19: SBT Ph6 | AQ19: EBL Ph7 | AT19: WBT PH8 | AW19: SBL Ph1 | AZ19: NBT Ph2 | BC19: WBL Ph3 | BF19: EBT Ph4 | BI19: NBL Ph5 | BL19: SBT Ph6 | BO19: EBL Ph7 | BR19: WBT PH8 | BU19: SBL Ph1 | BX19: NBT Ph2 | CA19: WBL Ph3 | CD19: EBT Ph4 | CG19: NBL Ph5 | CJ19: SBT Ph6 | CM19: EBL Ph7 | CP19: WBT PH8 | CS19: SBL Ph1 | CV19: NBT Ph2 | CY19: WBL Ph3 | DB19: EBT Ph4 | DE19: NBL Ph5 | DH19: SBT Ph6 | DK19: EBL Ph7 | DN19: WBT PH8 | DQ19: SBL Ph1 | DT19: NBT Ph2 | DW19: WBL Ph3 | DZ19: EBT Ph4 | EC19: NBL Ph5 | EF19: SBT Ph6 | EI19: EBL Ph7 | EL19: WBT PH8
A20: Volume Per Hour | D20: Volume Per Hour | G20: Volume Per Hour | J20: Volume Per Hour | M20: Volume Per Hour | P20: Volume Per Hour | S20: Volume Per Hour | V20: Volume Per Hour | Y20: Volume Per Hour | AB20: Volume Per Hour | AE20: Volume Per Hour | AH20: Volume Per Hour | AK20: Volume Per Hour | AN20: Volume Per Hour | AQ20: Volume Per Hour | AT20: Volume Per Hour | AW20: Volume Per Hour | AZ20: Volume Per Hour | BC20: Volume Per Hour | BF20: Volume Per Hour | BI20: Volume Per Hour | BL20: Volume Per Hour | BO20: Volume Per Hour | BR20: Volume Per Hour | BU20: Volume Per Hour | BX20: Volume Per Hour | CA20: Volume Per Hour | CD20: Volume Per Hour | CG20: Volume Per Hour | CJ20: Volume Per Hour | CM20: Volume Per Hour | CP20: Volume Per Hour | CS20: Volume Per Hour | CV20: Volume Per Hour | CY20: Volume Per Hour | DB20: Volume Per Hour | DE20: Volume Per Hour | DH20: Volume Per Hour | DK20: Volume Per Hour | DN20: Volume Per Hour | DQ20: Volume Per Hour | DT20: Volume Per Hour | DW20: Volume Per Hour | DZ20: Volume Per Hour | EC20: Volume Per Hour | EF20: Volume Per Hour | EI20: Volume Per Hour | EL20: Volume Per Hour
A21: 1777960800000 | B21: 12 | D21: 1777960800000 | E21: 520 | G21: 1777960800000 | H21: 32 | J21: 1777960800000 | K21: 124 | M21: 1777960800000 | N21: 32 | P21: 1777960800000 | Q21: 1456 | S21: 1777960800000 | T21: 28 | V21: 1777960800000 | W21: 36 | Y21: 1778047200000 | Z21: 16 | AB21: 1778047200000 | AC21: 1172 | AE21: 1778047200000 | AF21: 20 | AH21: 1778047200000 | AI21: 124 | AK21: 1778047200000 | AL21: 32 | AN21: 1778047200000 | AO21: 1580 | AQ21: 1778047200000 | AR21: 12 | AT21: 1778047200000 | AU21: 68 | AW21: 1779084000000 | AX21: 12 | AZ21: 1779084000000 | BA21: 1008 | BC21: 1779084000000 | BD21: 8 | BF21: 1779084000000 | BG21: 96 | BI21: 1779084000000 | BJ21: 44 | BL21: 1779084000000 | BM21: 944 | BO21: 1779084000000 | BP21: 16 | BR21: 1779084000000 | BS21: 20 | BU21: 1782194400000 | BV21: 68 | BX21: 1782194400000 | BY21: 716 | CA21: 1782194400000 | CB21: 40 | CD21: 1782194400000 | CE21: 124 | CG21: 1782194400000 | CH21: 52 | CJ21: 1782194400000 | CK21: 1344 | CM21: 1782194400000 | CN21: 76 | CP21: 1782194400000 | CQ21: 68 | CS21: 1784008800000 | CT21: 32 | CV21: 1784008800000 | CW21: 592 | CY21: 1784008800000 | CZ21: 20 | DB21: 1784008800000 | DC21: 96 | DE21: 1784008800000 | DF21: 68 | DH21: 1784008800000 | DI21: 780 | DK21: 1784008800000 | DL21: 36 | DN21: 1784008800000 | DO21: 24 | DQ21: 1784095200000 | DR21: 24 | DT21: 1784095200000 | DU21: 460 | DW21: 1784095200000 | DX21: 8 | DZ21: 1784095200000 | EA21: 76 | EC21: 1784095200000 | ED21: 52 | EF21: 1784095200000 | EG21: 632 | EI21: 1784095200000 | EJ21: 32 | EL21: 1784095200000 | EM21: 56
A22: 1777961700000 | B22: 28 | D22: 1777961700000 | E22: 356 | G22: 1777961700000 | H22: 28 | J22: 1777961700000 | K22: 44 | M22: 1777961700000 | N22: 36 | P22: 1777961700000 | Q22: 1368 | S22: 1777961700000 | T22: 16 | V22: 1777961700000 | W22: 52 | Y22: 1778048100000 | Z22: 4 | AB22: 1778048100000 | AC22: 956 | AE22: 1778048100000 | AF22: 8 | AH22: 1778048100000 | AI22: 72 | AK22: 1778048100000 | AL22: 32 | AN22: 1778048100000 | AO22: 1468 | AQ22: 1778048100000 | AR22: 16 | AT22: 1778048100000 | AU22: 52 | AW22: 1779084900000 | AX22: 0 | AZ22: 1779084900000 | BA22: 1140 | BC22: 1779084900000 | BD22: 8 | BF22: 1779084900000 | BG22: 88 | BI22: 1779084900000 | BJ22: 28 | BL22: 1779084900000 | BM22: 852 | BO22: 1779084900000 | BP22: 24 | BR22: 1779084900000 | BS22: 28 | BU22: 1782195300000 | BV22: 48 | BX22: 1782195300000 | BY22: 560 | CA22: 1782195300000 | CB22: 12 | CD22: 1782195300000 | CE22: 88 | CG22: 1782195300000 | CH22: 40 | CJ22: 1782195300000 | CK22: 948 | CM22: 1782195300000 | CN22: 32 | CP22: 1782195300000 | CQ22: 56 | CS22: 1784009700000 | CT22: 32 | CV22: 1784009700000 | CW22: 492 | CY22: 1784009700000 | CZ22: 84 | DB22: 1784009700000 | DC22: 64 | DE22: 1784009700000 | DF22: 68 | DH22: 1784009700000 | DI22: 700 | DK22: 1784009700000 | DL22: 40 | DN22: 1784009700000 | DO22: 56 | DQ22: 1784096100000 | DR22: 24 | DT22: 1784096100000 | DU22: 468 | DW22: 1784096100000 | DX22: 16 | DZ22: 1784096100000 | EA22: 132 | EC22: 1784096100000 | ED22: 48 | EF22: 1784096100000 | EG22: 628 | EI22: 1784096100000 | EJ22: 60 | EL22: 1784096100000 | EM22: 72
A23: 1777962600000 | B23: 12 | D23: 1777962600000 | E23: 344 | G23: 1777962600000 | H23: 0 | J23: 1777962600000 | K23: 32 | M23: 1777962600000 | N23: 32 | P23: 1777962600000 | Q23: 1352 | S23: 1777962600000 | T23: 32 | V23: 1777962600000 | W23: 36 | Y23: 1778049000000 | Z23: 8 | AB23: 1778049000000 | AC23: 1120 | AE23: 1778049000000 | AF23: 12 | AH23: 1778049000000 | AI23: 76 | AK23: 1778049000000 | AL23: 40 | AN23: 1778049000000 | AO23: 1512 | AQ23: 1778049000000 | AR23: 16 | AT23: 1778049000000 | AU23: 48 | AW23: 1779085800000 | AX23: 0 | AZ23: 1779085800000 | BA23: 1104 | BC23: 1779085800000 | BD23: 8 | BF23: 1779085800000 | BG23: 44 | BI23: 1779085800000 | BJ23: 28 | BL23: 1779085800000 | BM23: 1172 | BO23: 1779085800000 | BP23: 4 | BR23: 1779085800000 | BS23: 52 | BU23: 1782196200000 | BV23: 12 | BX23: 1782196200000 | BY23: 680 | CA23: 1782196200000 | CB23: 8 | CD23: 1782196200000 | CE23: 136 | CG23: 1782196200000 | CH23: 36 | CJ23: 1782196200000 | CK23: 988 | CM23: 1782196200000 | CN23: 20 | CP23: 1782196200000 | CQ23: 56 | CS23: 1784010600000 | CT23: 12 | CV23: 1784010600000 | CW23: 408 | CY23: 1784010600000 | CZ23: 8 | DB23: 1784010600000 | DC23: 148 | DE23: 1784010600000 | DF23: 32 | DH23: 1784010600000 | DI23: 728 | DK23: 1784010600000 | DL23: 36 | DN23: 1784010600000 | DO23: 32 | DQ23: 1784097000000 | DR23: 28 | DT23: 1784097000000 | DU23: 244 | DW23: 1784097000000 | DX23: 4 | DZ23: 1784097000000 | EA23: 128 | EC23: 1784097000000 | ED23: 28 | EF23: 1784097000000 | EG23: 620 | EI23: 1784097000000 | EJ23: 44 | EL23: 1784097000000 | EM23: 36
A24: 1777963500000 | B24: 12 | D24: 1777963500000 | E24: 744 | G24: 1777963500000 | H24: 12 | J24: 1777963500000 | K24: 72 | M24: 1777963500000 | N24: 36 | P24: 1777963500000 | Q24: 1320 | S24: 1777963500000 | T24: 16 | V24: 1777963500000 | W24: 32 | Y24: 1778049900000 | Z24: 16 | AB24: 1778049900000 | AC24: 948 | AE24: 1778049900000 | AF24: 8 | AH24: 1778049900000 | AI24: 44 | AK24: 1778049900000 | AL24: 28 | AN24: 1778049900000 | AO24: 1196 | AQ24: 1778049900000 | AR24: 40 | AT24: 1778049900000 | AU24: 24 | AW24: 1779086700000 | AX24: 8 | AZ24: 1779086700000 | BA24: 1156 | BC24: 1779086700000 | BD24: 16 | BF24: 1779086700000 | BG24: 52 | BI24: 1779086700000 | BJ24: 28 | BL24: 1779086700000 | BM24: 1232 | BO24: 1779086700000 | BP24: 32 | BR24: 1779086700000 | BS24: 8 | BU24: 1782197100000 | BV24: 12 | BX24: 1782197100000 | BY24: 512 | CA24: 1782197100000 | CB24: 0 | CD24: 1782197100000 | CE24: 52 | CG24: 1782197100000 | CH24: 48 | CJ24: 1782197100000 | CK24: 848 | CM24: 1782197100000 | CN24: 28 | CP24: 1782197100000 | CQ24: 20 | CS24: 1784011500000 | CT24: 0 | CV24: 1784011500000 | CW24: 340 | CY24: 1784011500000 | CZ24: 20 | DB24: 1784011500000 | DC24: 120 | DE24: 1784011500000 | DF24: 48 | DH24: 1784011500000 | DI24: 616 | DK24: 1784011500000 | DL24: 88 | DN24: 1784011500000 | DO24: 28 | DQ24: 1784097900000 | DR24: 16 | DT24: 1784097900000 | DU24: 332 | DW24: 1784097900000 | DX24: 0 | DZ24: 1784097900000 | EA24: 52 | EC24: 1784097900000 | ED24: 44 | EF24: 1784097900000 | EG24: 524 | EI24: 1784097900000 | EJ24: 44 | EL24: 1784097900000 | EM24: 12
A25: 1777964400000 | B25: 12 | D25: 1777964400000 | E25: 916 | G25: 1777964400000 | H25: 20 | J25: 1777964400000 | K25: 96 | M25: 1777964400000 | N25: 40 | P25: 1777964400000 | Q25: 1388 | S25: 1777964400000 | T25: 52 | V25: 1777964400000 | W25: 16 | Y25: 1778050800000 | Z25: 24 | AB25: 1778050800000 | AC25: 996 | AE25: 1778050800000 | AF25: 4 | AH25: 1778050800000 | AI25: 44 | AK25: 1778050800000 | AL25: 44 | AN25: 1778050800000 | AO25: 1408 | AQ25: 1778050800000 | AR25: 36 | AT25: 1778050800000 | AU25: 28 | AW25: 1779087600000 | AX25: 24 | AZ25: 1779087600000 | BA25: 1384 | BC25: 1779087600000 | BD25: 0 | BF25: 1779087600000 | BG25: 36 | BI25: 1779087600000 | BJ25: 32 | BL25: 1779087600000 | BM25: 1888 | BO25: 1779087600000 | BP25: 8 | BR25: 1779087600000 | BS25: 28 | BU25: 1782198000000 | BV25: 16 | BX25: 1782198000000 | BY25: 372 | CA25: 1782198000000 | CB25: 4 | CD25: 1782198000000 | CE25: 56 | CG25: 1782198000000 | CH25: 24 | CJ25: 1782198000000 | CK25: 856 | CM25: 1782198000000 | CN25: 36 | CP25: 1782198000000 | CQ25: 24 | CS25: 1784012400000 | CT25: 36 | CV25: 1784012400000 | CW25: 340 | CY25: 1784012400000 | CZ25: 4 | DB25: 1784012400000 | DC25: 132 | DE25: 1784012400000 | DF25: 32 | DH25: 1784012400000 | DI25: 632 | DK25: 1784012400000 | DL25: 40 | DN25: 1784012400000 | DO25: 12 | DQ25: 1784098800000 | DR25: 12 | DT25: 1784098800000 | DU25: 200 | DW25: 1784098800000 | DX25: 4 | DZ25: 1784098800000 | EA25: 68 | EC25: 1784098800000 | ED25: 28 | EF25: 1784098800000 | EG25: 632 | EI25: 1784098800000 | EJ25: 84 | EL25: 1784098800000 | EM25: 24
A26: 1777965300000 | B26: 4 | D26: 1777965300000 | E26: 704 | G26: 1777965300000 | H26: 4 | J26: 1777965300000 | K26: 60 | M26: 1777965300000 | N26: 12 | P26: 1777965300000 | Q26: 1484 | S26: 1777965300000 | T26: 12 | V26: 1777965300000 | W26: 32 | Y26: 1778051700000 | Z26: 16 | AB26: 1778051700000 | AC26: 820 | AE26: 1778051700000 | AF26: 0 | AH26: 1778051700000 | AI26: 60 | AK26: 1778051700000 | AL26: 24 | AN26: 1778051700000 | AO26: 3144 | AQ26: 1778051700000 | AR26: 16 | AT26: 1778051700000 | AU26: 40 | AW26: 1779088500000 | AX26: 4 | AZ26: 1779088500000 | BA26: 1108 | BC26: 1779088500000 | BD26: 16 | BF26: 1779088500000 | BG26: 28 | BI26: 1779088500000 | BJ26: 24 | BL26: 1779088500000 | BM26: 3016 | BO26: 1779088500000 | BP26: 12 | BR26: 1779088500000 | BS26: 32 | BU26: 1782198900000 | BV26: 32 | BX26: 1782198900000 | BY26: 460 | CA26: 1782198900000 | CB26: 60 | CD26: 1782198900000 | CE26: 60 | CG26: 1782198900000 | CH26: 36 | CJ26: 1782198900000 | CK26: 932 | CM26: 1782198900000 | CN26: 44 | CP26: 1782198900000 | CQ26: 12 | CS26: 1784013300000 | CT26: 12 | CV26: 1784013300000 | CW26: 268 | CY26: 1784013300000 | CZ26: 4 | DB26: 1784013300000 | DC26: 48 | DE26: 1784013300000 | DF26: 24 | DH26: 1784013300000 | DI26: 624 | DK26: 1784013300000 | DL26: 36 | DN26: 1784013300000 | DO26: 12 | DQ26: 1784099700000 | DR26: 84 | DT26: 1784099700000 | DU26: 240 | DW26: 1784099700000 | DX26: 0 | DZ26: 1784099700000 | EA26: 68 | EC26: 1784099700000 | ED26: 44 | EF26: 1784099700000 | EG26: 560 | EI26: 1784099700000 | EJ26: 28 | EL26: 1784099700000 | EM26: 24
A27: 1777966200000 | B27: 36 | D27: 1777966200000 | E27: 580 | G27: 1777966200000 | H27: 4 | J27: 1777966200000 | K27: 24 | M27: 1777966200000 | N27: 28 | P27: 1777966200000 | Q27: 1304 | S27: 1777966200000 | T27: 12 | V27: 1777966200000 | W27: 20 | Y27: 1778052600000 | Z27: 36 | AB27: 1778052600000 | AC27: 1168 | AE27: 1778052600000 | AF27: 4 | AH27: 1778052600000 | AI27: 40 | AK27: 1778052600000 | AL27: 28 | AN27: 1778052600000 | AO27: 3496 | AQ27: 1778052600000 | AR27: 24 | AT27: 1778052600000 | AU27: 8 | AW27: 1779089400000 | AX27: 0 | AZ27: 1779089400000 | BA27: 1004 | BC27: 1779089400000 | BD27: 0 | BF27: 1779089400000 | BG27: 44 | BI27: 1779089400000 | BJ27: 12 | BL27: 1779089400000 | BM27: 2572 | BO27: 1779089400000 | BP27: 20 | BR27: 1779089400000 | BS27: 20 | BU27: 1782199800000 | BV27: 12 | BX27: 1782199800000 | BY27: 436 | CA27: 1782199800000 | CB27: 36 | CD27: 1782199800000 | CE27: 68 | CG27: 1782199800000 | CH27: 28 | CJ27: 1782199800000 | CK27: 756 | CM27: 1782199800000 | CN27: 16 | CP27: 1782199800000 | CQ27: 64 | CS27: 1784014200000 | CT27: 0 | CV27: 1784014200000 | CW27: 220 | CY27: 1784014200000 | CZ27: 4 | DB27: 1784014200000 | DC27: 64 | DE27: 1784014200000 | DF27: 28 | DH27: 1784014200000 | DI27: 516 | DK27: 1784014200000 | DL27: 16 | DN27: 1784014200000 | DO27: 20 | DQ27: 1784100600000 | DR27: 28 | DT27: 1784100600000 | DU27: 244 | DW27: 1784100600000 | DX27: 8 | DZ27: 1784100600000 | EA27: 32 | EC27: 1784100600000 | ED27: 40 | EF27: 1784100600000 | EG27: 424 | EI27: 1784100600000 | EJ27: 76 | EL27: 1784100600000 | EM27: 12
A28: 1777967100000 | B28: 4 | D28: 1777967100000 | E28: 696 | G28: 1777967100000 | H28: 0 | J28: 1777967100000 | K28: 36 | M28: 1777967100000 | N28: 12 | P28: 1777967100000 | Q28: 1204 | S28: 1777967100000 | T28: 4 | V28: 1777967100000 | W28: 8 | Y28: 1778053500000 | Z28: 12 | AB28: 1778053500000 | AC28: 976 | AE28: 1778053500000 | AF28: 0 | AH28: 1778053500000 | AI28: 20 | AK28: 1778053500000 | AL28: 20 | AN28: 1778053500000 | AO28: 3368 | AQ28: 1778053500000 | AR28: 36 | AT28: 1778053500000 | AU28: 20 | AW28: 1779090300000 | AX28: 16 | AZ28: 1779090300000 | BA28: 1008 | BC28: 1779090300000 | BD28: 0 | BF28: 1779090300000 | BG28: 48 | BI28: 1779090300000 | BJ28: 12 | BL28: 1779090300000 | BM28: 2928 | BO28: 1779090300000 | BP28: 28 | BR28: 1779090300000 | BS28: 16 | BU28: 1782200700000 | BV28: 4 | BX28: 1782200700000 | BY28: 440 | CA28: 1782200700000 | CB28: 4 | CD28: 1782200700000 | CE28: 48 | CG28: 1782200700000 | CH28: 4 | CJ28: 1782200700000 | CK28: 900 | CM28: 1782200700000 | CN28: 4 | CP28: 1782200700000 | CQ28: 4 | CS28: 1784015100000 | CT28: 0 | CV28: 1784015100000 | CW28: 156 | CY28: 1784015100000 | CZ28: 0 | DB28: 1784015100000 | DC28: 36 | DE28: 1784015100000 | DF28: 12 | DH28: 1784015100000 | DI28: 372 | DK28: 1784015100000 | DL28: 36 | DN28: 1784015100000 | DO28: 12 | DQ28: 1784101500000 | DR28: 0 | DT28: 1784101500000 | DU28: 168 | DW28: 1784101500000 | DX28: 12 | DZ28: 1784101500000 | EA28: 24 | EC28: 1784101500000 | ED28: 24 | EF28: 1784101500000 | EG28: 548 | EI28: 1784101500000 | EJ28: 52 | EL28: 1784101500000 | EM28: 32
A29: 1777968000000 | B29: 24 | D29: 1777968000000 | E29: 652 | G29: 1777968000000 | H29: 0 | J29: 1777968000000 | K29: 60 | M29: 1777968000000 | N29: 16 | P29: 1777968000000 | Q29: 1208 | S29: 1777968000000 | T29: 16 | V29: 1777968000000 | W29: 24 | Y29: 1778054400000 | Z29: 28 | AB29: 1778054400000 | AC29: 912 | AE29: 1778054400000 | AF29: 16 | AH29: 1778054400000 | AI29: 20 | AK29: 1778054400000 | AL29: 8 | AN29: 1778054400000 | AO29: 3016 | AQ29: 1778054400000 | AR29: 8 | AT29: 1778054400000 | AU29: 20 | AW29: 1779091200000 | AX29: 8 | AZ29: 1779091200000 | BA29: 984 | BC29: 1779091200000 | BD29: 0 | BF29: 1779091200000 | BG29: 24 | BI29: 1779091200000 | BJ29: 20 | BL29: 1779091200000 | BM29: 2784 | BO29: 1779091200000 | BP29: 12 | BR29: 1779091200000 | BS29: 12 | BU29: 1782201600000 | BV29: 0 | BX29: 1782201600000 | BY29: 548 | CA29: 1782201600000 | CB29: 0 | CD29: 1782201600000 | CE29: 28 | CG29: 1782201600000 | CH29: 16 | CJ29: 1782201600000 | CK29: 984 | CM29: 1782201600000 | CN29: 4 | CP29: 1782201600000 | CQ29: 8 | CS29: 1784016000000 | CT29: 16 | CV29: 1784016000000 | CW29: 132 | CY29: 1784016000000 | CZ29: 0 | DB29: 1784016000000 | DC29: 32 | DE29: 1784016000000 | DF29: 12 | DH29: 1784016000000 | DI29: 568 | DK29: 1784016000000 | DL29: 40 | DN29: 1784016000000 | DO29: 16 | DQ29: 1784102400000 | DR29: 24 | DT29: 1784102400000 | DU29: 156 | DW29: 1784102400000 | DX29: 0 | DZ29: 1784102400000 | EA29: 76 | EC29: 1784102400000 | ED29: 28 | EF29: 1784102400000 | EG29: 548 | EI29: 1784102400000 | EJ29: 8 | EL29: 1784102400000 | EM29: 8
A30: 1777968900000 | B30: 36 | D30: 1777968900000 | E30: 484 | G30: 1777968900000 | H30: 8 | J30: 1777968900000 | K30: 44 | M30: 1777968900000 | N30: 12 | P30: 1777968900000 | Q30: 1080 | S30: 1777968900000 | T30: 20 | V30: 1777968900000 | W30: 0 | Y30: 1778055300000 | Z30: 4 | AB30: 1778055300000 | AC30: 924 | AE30: 1778055300000 | AF30: 4 | AH30: 1778055300000 | AI30: 8 | AK30: 1778055300000 | AL30: 16 | AN30: 1778055300000 | AO30: 2916 | AQ30: 1778055300000 | AR30: 16 | AT30: 1778055300000 | AU30: 8 | AW30: 1779092100000 | AX30: 0 | AZ30: 1779092100000 | BA30: 936 | BC30: 1779092100000 | BD30: 0 | BF30: 1779092100000 | BG30: 12 | BI30: 1779092100000 | BJ30: 4 | BL30: 1779092100000 | BM30: 2212 | BO30: 1779092100000 | BP30: 4 | BR30: 1779092100000 | BS30: 4 | BU30: 1782202500000 | BV30: 4 | BX30: 1782202500000 | BY30: 584 | CA30: 1782202500000 | CB30: 8 | CD30: 1782202500000 | CE30: 44 | CG30: 1782202500000 | CH30: 16 | CJ30: 1782202500000 | CK30: 928 | CM30: 1782202500000 | CN30: 12 | CP30: 1782202500000 | CQ30: 24 | CS30: 1784016900000 | CT30: 8 | CV30: 1784016900000 | CW30: 64 | CY30: 1784016900000 | CZ30: 0 | DB30: 1784016900000 | DC30: 24 | DE30: 1784016900000 | DF30: 12 | DH30: 1784016900000 | DI30: 752 | DK30: 1784016900000 | DL30: 24 | DN30: 1784016900000 | DO30: 20 | DQ30: 1784103300000 | DR30: 28 | DT30: 1784103300000 | DU30: 288 | DW30: 1784103300000 | DX30: 0 | DZ30: 1784103300000 | EA30: 28 | EC30: 1784103300000 | ED30: 24 | EF30: 1784103300000 | EG30: 572 | EI30: 1784103300000 | EJ30: 40 | EL30: 1784103300000 | EM30: 4
A31: 1777969800000 | B31: 4 | D31: 1777969800000 | E31: 644 | G31: 1777969800000 | H31: 0 | J31: 1777969800000 | K31: 4 | M31: 1777969800000 | N31: 12 | P31: 1777969800000 | Q31: 1100 | S31: 1777969800000 | T31: 0 | V31: 1777969800000 | W31: 8 | Y31: 1778056200000 | Z31: 0 | AB31: 1778056200000 | AC31: 1048 | AE31: 1778056200000 | AF31: 4 | AH31: 1778056200000 | AI31: 24 | AK31: 1778056200000 | AL31: 20 | AN31: 1778056200000 | AO31: 2328 | AQ31: 1778056200000 | AR31: 12 | AT31: 1778056200000 | AU31: 4 | AW31: 1779093000000 | AX31: 12 | AZ31: 1779093000000 | BA31: 952 | BC31: 1779093000000 | BD31: 0 | BF31: 1779093000000 | BG31: 4 | BI31: 1779093000000 | BJ31: 8 | BL31: 1779093000000 | BM31: 2288 | BO31: 1779093000000 | BP31: 4 | BR31: 1779093000000 | BS31: 12 | BU31: 1782203400000 | BV31: 8 | BX31: 1782203400000 | BY31: 544 | CA31: 1782203400000 | CB31: 0 | CD31: 1782203400000 | CE31: 52 | CG31: 1782203400000 | CH31: 12 | CJ31: 1782203400000 | CK31: 1024 | CM31: 1782203400000 | CN31: 4 | CP31: 1782203400000 | CQ31: 4 | CS31: 1784017800000 | CT31: 8 | CV31: 1784017800000 | CW31: 140 | CY31: 1784017800000 | CZ31: 4 | DB31: 1784017800000 | DC31: 8 | DE31: 1784017800000 | DF31: 24 | DH31: 1784017800000 | DI31: 564 | DK31: 1784017800000 | DL31: 4 | DN31: 1784017800000 | DO31: 12 | DQ31: 1784104200000 | DR31: 24 | DT31: 1784104200000 | DU31: 312 | DW31: 1784104200000 | DX31: 4 | DZ31: 1784104200000 | EA31: 32 | EC31: 1784104200000 | ED31: 32 | EF31: 1784104200000 | EG31: 564 | EI31: 1784104200000 | EJ31: 48 | EL31: 1784104200000 | EM31: 28
A32: 1777970700000 | B32: 0 | D32: 1777970700000 | E32: 420 | G32: 1777970700000 | H32: 4 | J32: 1777970700000 | K32: 20 | M32: 1777970700000 | N32: 20 | P32: 1777970700000 | Q32: 832 | S32: 1777970700000 | T32: 12 | V32: 1777970700000 | W32: 16 | Y32: 1778057100000 | Z32: 12 | AB32: 1778057100000 | AC32: 804 | AE32: 1778057100000 | AF32: 0 | AH32: 1778057100000 | AI32: 4 | AK32: 1778057100000 | AL32: 4 | AN32: 1778057100000 | AO32: 2448 | AQ32: 1778057100000 | AR32: 12 | AT32: 1778057100000 | AU32: 24 | AW32: 1779093900000 | AX32: 4 | AZ32: 1779093900000 | BA32: 912 | BC32: 1779093900000 | BD32: 4 | BF32: 1779093900000 | BG32: 8 | BI32: 1779093900000 | BJ32: 8 | BL32: 1779093900000 | BM32: 2080 | BO32: 1779093900000 | BP32: 0 | BR32: 1779093900000 | BS32: 12 | BU32: 1782204300000 | BV32: 8 | BX32: 1782204300000 | BY32: 588 | CA32: 1782204300000 | CB32: 12 | CD32: 1782204300000 | CE32: 24 | CG32: 1782204300000 | CH32: 12 | CJ32: 1782204300000 | CK32: 1036 | CM32: 1782204300000 | CN32: 8 | CP32: 1782204300000 | CQ32: 8 | CS32: 1784018700000 | CT32: 12 | CV32: 1784018700000 | CW32: 244 | CY32: 1784018700000 | CZ32: 0 | DB32: 1784018700000 | DC32: 24 | DE32: 1784018700000 | DF32: 20 | DH32: 1784018700000 | DI32: 660 | DK32: 1784018700000 | DL32: 32 | DN32: 1784018700000 | DO32: 16 | DQ32: 1784105100000 | DR32: 0 | DT32: 1784105100000 | DU32: 48 | DW32: 1784105100000 | DX32: 8 | DZ32: 1784105100000 | EA32: 32 | EC32: 1784105100000 | ED32: 0 | EF32: 1784105100000 | EG32: 476 | EI32: 1784105100000 | EJ32: 8 | EL32: 1784105100000 | EM32: 8
... A116: 1778046300000 | B116: 8 | D116: 1778046300000 | E116: 1432 | G116: 1778046300000 | H116: 60 | J116: 1778046300000 | K116: 64 | M116: 1778046300000 | N116: 56 | P116: 1778046300000 | Q116: 1252 | S116: 1778046300000 | T116: 20 | V116: 1778046300000 | W116: 68 | Y116: 1778132700000 | Z116: 24 | AB116: 1778132700000 | AC116: 1516 | AE116: 1778132700000 | AF116: 36 | AH116: 1778132700000 | AI116: 124 | AK116: 1778132700000 | AL116: 56 | AN116: 1778132700000 | AO116: 1744 | AQ116: 1778132700000 | AR116: 32 | AT116: 1778132700000 | AU116: 72 | AW116: 1779169500000 | AX116: 8 | AZ116: 1779169500000 | BA116: 1148 | BC116: 1779169500000 | BD116: 8 | BF116: 1779169500000 | BG116: 104 | BI116: 1779169500000 | BJ116: 12 | BL116: 1779169500000 | BM116: 1756 | BO116: 1779169500000 | BP116: 44 | BR116: 1779169500000 | BS116: 40 | BU116: 1782279900000 | BV116: 24 | BX116: 1782279900000 | BY116: 680 | CA116: 1782279900000 | CB116: 8 | CD116: 1782279900000 | CE116: 200 | CG116: 1782279900000 | CH116: 48 | CJ116: 1782279900000 | CK116: 1324 | CM116: 1782279900000 | CN116: 100 | CP116: 1782279900000 | CQ116: 68 | CS116: 1784094300000 | CT116: 36 | CV116: 1784094300000 | CW116: 608 | CY116: 1784094300000 | CZ116: 20 | DB116: 1784094300000 | DC116: 80 | DE116: 1784094300000 | DF116: 36 | DH116: 1784094300000 | DI116: 852 | DK116: 1784094300000 | DL116: 156 | DN116: 1784094300000 | DO116: 60 | DQ116: 1784180700000 | DR116: 12 | DT116: 1784180700000 | DU116: 408 | DW116: 1784180700000 | DX116: 28 | DZ116: 1784180700000 | EA116: 128 | EC116: 1784180700000 | ED116: 36 | EF116: 1784180700000 | EG116: 628 | EI116: 1784180700000 | EJ116: 84 | EL116: 1784180700000 | EM116: 64

Sheet R Consolidated
A1: timestamp | B1: date | C1: time | D1: study_day | E1: period | F1: day_number | G1: wait_time_sbl_ph1_protected | H1: wait_time_sbl_ph1_permitted | I1: wait_time_nbt_ph2 | J1: wait_time_wbl_ph3_protected | K1: wait_time_wbl_ph3_permissive | L1: wait_time_ebt_ph4 | M1: wait_time_nbl_ph5_protected | N1: wait_time_nbl_ph5_permitted | O1: wait_time_sbt_ph6 | P1: wait_time_ebl_ph7_protected | Q1: wait_time_ebl_ph7_permissive | R1: wait_time_wbt_ph8 | S1: wait_time_volume_sbl_ph1 | T1: wait_time_volume_nbt_ph2 | U1: wait_time_volume_wbl_ph3 | V1: wait_time_volume_ebt_ph4 | W1: wait_time_volume_nbl_ph5 | X1: wait_time_volume_sbt_ph6 | Y1: wait_time_volume_ebl_ph7 | Z1: wait_time_volume_wbt_ph8 | AA1: pedestrian_crossing
A2: 46147 | B2: 46147 | C2: 0 | D2: Before Data Day 1 | E2: Before | F2: 1 | G2: 0 | H2: 0 | I2: 0 | J2: 0 | K2: 0 | L2: 0 | M2: 0 | N2: 0 | O2: 0 | P2: 0 | Q2: 0 | R2: 0 | S2: 12 | T2: 520 | U2: 32 | V2: 124 | W2: 32 | X2: 1456 | Y2: 28 | Z2: 36 | AA2: 1
A3: 46147.01 | B3: 46147 | C3: 0.010416667 | D3: Before Data Day 1 | E3: Before | F3: 1 | G3: 6.1 | H3: 6.1 | I3: 4.85 | J3: 36.1 | K3: 36.1 | L3: 17.7 | M3: 36.6 | N3: 36.6 | O3: 7.5 | P3: 17.4 | Q3: 17.4 | R3: 17.23 | S3: 28 | T3: 356 | U3: 28 | V3: 44 | W3: 36 | X3: 1368 | Y3: 16 | Z3: 52 | AA3: 1
A4: 46147.021 | B4: 46147 | C4: 0.020833333 | D4: Before Data Day 1 | E4: Before | F4: 1 | G4: 0 | H4: 0 | I4: 8.36 | J4: 27.35 | K4: 27.35 | L4: 5.65 | M4: 17.71 | N4: 17.71 | O4: 4.26 | P4: 36.77 | Q4: 36.77 | R4: 23.45 | S4: 12 | T4: 344 | U4: 0 | V4: 32 | W4: 32 | X4: 1352 | Y4: 32 | Z4: 36 | AA4: 0
A5: 46147.031 | B5: 46147 | C5: 0.03125 | D5: Before Data Day 1 | E5: Before | F5: 1 | G5: 40.5 | H5: 40.5 | I5: 2.9 | J5: 0 | K5: 0 | L5: 8.27 | M5: 12.3 | N5: 12.3 | O5: 8.03 | P5: 15.38 | Q5: 15.38 | R5: 18.07 | S5: 12 | T5: 744 | U5: 12 | V5: 72 | W5: 36 | X5: 1320 | Y5: 16 | Z5: 32 | AA5: 0
A6: 46147.042 | B6: 46147 | C6: 0.041666667 | D6: Before Data Day 1 | E6: Before | F6: 1 | G6: 11.25 | H6: 11.25 | I6: 4.75 | J6: 0 | K6: 0 | L6: 11.87 | M6: 15.16 | N6: 15.16 | O6: 1.65 | P6: 15.93 | Q6: 15.93 | R6: 14.58 | S6: 12 | T6: 916 | U6: 20 | V6: 96 | W6: 40 | X6: 1388 | Y6: 52 | Z6: 16 | AA6: 0
A7: 46147.052 | B7: 46147 | C7: 0.052083333 | D7: Before Data Day 1 | E7: Before | F7: 1 | G7: 0 | H7: 0 | I7: 6.7 | J7: 23.3 | K7: 23.3 | L7: 20.46 | M7: 14.49 | N7: 14.49 | O7: 4.5 | P7: 19.57 | Q7: 19.57 | R7: 10.35 | S7: 4 | T7: 704 | U7: 4 | V7: 60 | W7: 12 | X7: 1484 | Y7: 12 | Z7: 32 | AA7: 1
A8: 46147.062 | B8: 46147 | C8: 0.0625 | D8: Before Data Day 1 | E8: Before | F8: 1 | G8: 8.6 | H8: 8.6 | I8: 10.38 | J8: 17.6 | K8: 17.6 | L8: 9.6 | M8: 27.8 | N8: 27.8 | O8: 6.69 | P8: 0 | Q8: 0 | R8: 9.4 | S8: 36 | T8: 580 | U8: 4 | V8: 24 | W8: 28 | X8: 1304 | Y8: 12 | Z8: 20 | AA8: 0
A9: 46147.073 | B9: 46147 | C9: 0.072916667 | D9: Before Data Day 1 | E9: Before | F9: 1 | G9: 7.3 | H9: 7.3 | I9: 6.4 | J9: 0 | K9: 0 | L9: 8.2 | M9: 20.9 | N9: 20.9 | O9: 2.83 | P9: 58.3 | Q9: 58.3 | R9: 15.66 | S9: 4 | T9: 696 | U9: 0 | V9: 36 | W9: 12 | X9: 1204 | Y9: 4 | Z9: 8 | AA9: 0
A10: 46147.083 | B10: 46147 | C10: 0.083333333 | D10: Before Data Day 1 | E10: Before | F10: 1 | G10: 6.1 | H10: 6.1 | I10: 7.15 | J10: 0 | K10: 0 | L10: 6.55 | M10: 5.9 | N10: 5.9 | O10: 4.85 | P10: 0 | Q10: 0 | R10: 6.2 | S10: 24 | T10: 652 | U10: 0 | V10: 60 | W10: 16 | X10: 1208 | Y10: 16 | Z10: 24 | AA10: 0
A11: 46147.094 | B11: 46147 | C11: 0.09375 | D11: Before Data Day 1 | E11: Before | F11: 1 | G11: 4.5 | H11: 4.5 | I11: 5.6 | J11: 0 | K11: 0 | L11: 9.46 | M11: 11.2 | N11: 11.2 | O11: 1.08 | P11: 28.3 | Q11: 28.3 | R11: 17.8 | S11: 36 | T11: 484 | U11: 8 | V11: 44 | W11: 12 | X11: 1080 | Y11: 20 | Z11: 0 | AA11: 0
A12: 46147.104 | B12: 46147 | C12: 0.10416667 | D12: Before Data Day 1 | E12: Before | F12: 1 | G12: 0 | H12: 0 | I12: 1 | J12: 6.95 | K12: 6.95 | L12: 13.1 | M12: 28.05 | N12: 28.05 | O12: 1.33 | P12: 14.23 | Q12: 14.23 | R12: 0 | S12: 4 | T12: 644 | U12: 0 | V12: 4 | W12: 12 | X12: 1100 | Y12: 0 | Z12: 8 | AA12: 0
A13: 46147.115 | B13: 46147 | C13: 0.11458333 | D13: Before Data Day 1 | E13: Before | F13: 1 | G13: 6.1 | H13: 6.1 | I13: 2 | J13: 0 | K13: 0 | L13: 6.1 | M13: 7.07 | N13: 7.07 | O13: 0.7 | P13: 0 | Q13: 0 | R13: 12.75 | S13: 0 | T13: 420 | U13: 4 | V13: 20 | W13: 20 | X13: 832 | Y13: 12 | Z13: 16 | AA13: 0
... A577: 46218.99 | B577: 46218 | C577: 0.98958333 | D577: After Data Day 3 | E577: After | F577: 3 | G577: 15.48 | H577: 15.48 | I577: 23.15 | J577: 41.83 | K577: 41.83 | L577: 19.66 | M577: 25.73 | N577: 25.73 | O577: 24.08 | P577: 26.5 | Q577: 26.5 | R577: 26.44 | S577: 12 | T577: 408 | U577: 28 | V577: 128 | W577: 36 | X577: 628 | Y577: 84 | Z577: 64 | AA577: 0
